taxon,logFC_PC_vs_NC,logFC_G25_vs_NC,logFC_G50_vs_NC,delta_G25,delta_G50,min_delta,best_dose,mean_abundance
d__Bacteria; p__Firmicutes; c__Clostridia; o__Lachnospirales; f__Lachnospiraceae; g__Lachnospiraceae_UCG-001,-9.741455458370117,-0.28832567974679474,-9.741455458370117,9.453129778623323,0.0,0.0,G50,0.00038873118057549164
d__Bacteria; p__Actinobacteriota; c__Actinobacteria; o__Corynebacteriales; f__Tsukamurellaceae; g__Tsukamurella,-7.839192296982609,1.6139374816407135,-7.839192296982609,9.453129778623323,0.0,0.0,G50,0.0002319824345654597
d__Bacteria; p__Firmicutes; c__Clostridia; o__Peptostreptococcales-Tissierellales; f__Peptostreptococcales-Tissierellales; g__Alkaliphilus,-9.222011235789141,-9.222011235789141,-0.9113153086069988,0.0,8.310695927182142,0.0,G25,0.0002281734567159811
d__Bacteria; p__Firmicutes; c__Clostridia; o__Clostridiales; f__Clostridiaceae; g__Clostridium_sensu_stricto_16,0.0,0.0,9.229956216015,0.0,9.229956216015,0.0,G25,0.0001498683175298947
d__Bacteria; p__Actinobacteriota; c__Actinobacteria; o__Micrococcales; f__Intrasporangiaceae,1.8343681125323115,0.581607408116669,1.8231879410543024,1.2527607044156426,0.011180171478009093,0.011180171478009093,G50,0.0009383918950421754
d__Bacteria; p__Patescibacteria; c__Saccharimonadia; o__Saccharimonadales; f__Saccharimonadales; g__Saccharimonadales,-0.7983153813146902,-0.8101408597913518,-0.07404918509804292,0.0118254784766616,0.7242661962166472,0.0118254784766616,G25,0.0016464679138812723
d__Bacteria; p__Actinobacteriota; c__Actinobacteria; o__Micrococcales,2.27886888457921,2.298110534240376,1.838796068123222,0.019241649661165816,0.44007281645598795,0.019241649661165816,G25,0.0015412223980781823
d__Bacteria; p__Firmicutes; c__Clostridia; o__Peptostreptococcales-Tissierellales; f__Peptostreptococcales-Tissierellales; g__Peptoniphilus,10.038943912396238,10.062786037146772,0.0,0.0238421247505336,10.038943912396238,0.0238421247505336,G25,0.0005298916402381743
d__Bacteria; p__Bacteroidota; c__Bacteroidia; o__Bacteroidales; f__Bacteroidaceae; g__Bacteroides,4.992632753786038,4.956216455937405,2.804523396145594,0.03641629784863376,2.1881093576404442,0.03641629784863376,G25,0.0023730162364180383
d__Bacteria; p__Firmicutes; c__Clostridia; o__Lachnospirales; f__Lachnospiraceae; g__Lachnospiraceae_NK4A136_group,0.9152426145657849,1.9863981323280275,0.8544867066401709,1.0711555177622425,0.06075590792561403,0.06075590792561403,G50,0.002961651928163238
d__Bacteria; p__Planctomycetota; c__Planctomycetes; o__Gemmatales; f__Gemmataceae; g__Gemmata,2.38929951698266,-7.257376376613523,2.45420594219013,9.646675893596184,0.06490642520746981,0.06490642520746981,G50,0.0004475036721387716
d__Bacteria; p__Firmicutes; c__Clostridia; o__Oscillospirales; f__[Eubacterium]_coprostanoligenes_group; g__[Eubacterium]_coprostanoligenes_group,9.966325596914812,9.891474048973983,0.0,0.07485154794082938,9.966325596914812,0.07485154794082938,G25,0.0004870428492936097
d__Bacteria; p__Bacteroidota; c__Bacteroidia; o__Bacteroidales; f__Prevotellaceae; g__Alloprevotella,10.008599440917834,0.0,10.083897881132517,10.008599440917834,0.07529844021468257,0.07529844021468257,G50,0.0005283591967753909
d__Bacteria; p__Actinobacteriota; c__Coriobacteriia; o__Coriobacteriales; f__Atopobiaceae,11.554929446861529,8.717535701514969,11.472938201726778,2.83739374534656,0.0819912451347502,0.0819912451347502,G50,0.0015672891211893402
d__Bacteria; p__Firmicutes; c__Clostridia; o__Peptostreptococcales-Tissierellales; f__Peptostreptococcaceae; g__Acetoanaerobium,0.39089853491800447,-8.339838496992563,0.29958352181278736,8.730737031910568,0.09131501310521711,0.09131501310521711,G50,0.00028614961876222703
d__Bacteria; p__Actinobacteriota; c__Thermoleophilia; o__Gaiellales; f__uncultured; g__uncultured,9.639363742895389,9.50542741571526,8.63942201880535,0.1339363271801286,0.9999417240900392,0.1339363271801286,G25,0.00048002291471015005
d__Bacteria; p__Firmicutes; c__Clostridia; o__Oscillospirales; f__Butyricicoccaceae; g__Butyricicoccus,11.317859161999086,11.177494428905767,8.392232919191711,0.14036473309331932,2.9256262428073754,0.14036473309331932,G25,0.0013004726435475976
d__Bacteria; p__Firmicutes; c__Clostridia; o__Lachnospirales; f__Lachnospiraceae; g__CHKCI001,10.449764705663114,10.245807838567899,10.299169525121409,0.203956867095215,0.15059518054170518,0.15059518054170518,G50,0.0009674445479312033
d__Bacteria; p__Actinobacteriota; c__Actinobacteria; o__Micrococcales; f__Cellulomonadaceae,2.1175931804299464,-8.499834377451807,1.9514404234396607,10.617427557881753,0.16615275699028564,0.16615275699028564,G50,0.0008325038654224448
d__Bacteria; p__Proteobacteria; c__Gammaproteobacteria; o__Burkholderiales; f__Sutterellaceae; g__Parasutterella,10.541986566972385,10.35263817061103,0.0,0.18934839636135514,10.541986566972385,0.18934839636135514,G25,0.0006991145830643449
d__Bacteria,3.1466608344610796,2.8561220046744387,2.6539208152921394,0.2905388297866409,0.49274001916894017,0.2905388297866409,G25,0.0013269449404809466
d__Bacteria; p__Actinobacteriota; c__Actinobacteria; o__Corynebacteriales; f__Mycobacteriaceae; g__Mycobacterium,9.625329105950733,9.322061774008874,0.0,0.30326733194185884,9.625329105950733,0.30326733194185884,G25,0.0003569628483091397
d__Bacteria; p__Proteobacteria; c__Gammaproteobacteria; o__Pasteurellales; f__Pasteurellaceae; g__Gallibacterium,0.7699093743066598,-11.331689865735067,1.0839131657907202,12.101599240041727,0.3140037914840603,0.3140037914840603,G50,0.003108177072947491
d__Bacteria; p__Firmicutes; c__Bacilli; o__Lactobacillales; f__Streptococcaceae; g__Lactococcus,-3.2365193830616104,-3.602538412859782,-3.803906837740625,0.3660190297981716,0.5673874546790145,0.3660190297981716,G25,0.001237149248670488
d__Bacteria; p__Actinobacteriota; c__Actinobacteria; o__Bifidobacteriales; f__Bifidobacteriaceae; g__Aeriscardovia,-2.2244574355863787,-5.255805586723215,-2.660209154252815,3.0313481511368368,0.43575171866643636,0.43575171866643636,G50,0.025898019375025044
d__Bacteria; p__Firmicutes; c__Bacilli; o__Paenibacillales; f__Paenibacillaceae; g__Paenibacillus,4.913361181721288,3.901926747228617,4.476888708668876,1.0114344344926707,0.43647247305241166,0.43647247305241166,G50,0.003143720705995036
d__Bacteria; p__Proteobacteria; c__Alphaproteobacteria; o__Elsterales; f__uncultured; g__uncultured,9.825789205902213,9.380076974920316,0.0,0.44571223098189705,9.825789205902213,0.44571223098189705,G25,0.00039296120791146695
d__Bacteria; p__Firmicutes; c__Bacilli; o__Staphylococcales; f__Staphylococcaceae; g__Macrococcus,9.923226604305556,0.0,10.4459315854545,9.923226604305556,0.5227049811489444,0.5227049811489444,G50,0.0005909545458190273
d__Bacteria; p__Firmicutes; c__Clostridia; o__Lachnospirales; f__Lachnospiraceae; g__uncultured,10.280594049937633,10.809628597239103,0.0,0.5290345473014693,10.280594049937633,0.5290345473014693,G25,0.000759168507840785
d__Bacteria; p__Proteobacteria; c__Alphaproteobacteria; o__Rhizobiales; f__Xanthobacteraceae; g__Afipia,10.582833365550467,10.049865646755466,0.0,0.5329677187950015,10.582833365550467,0.5329677187950015,G25,0.0006479368497383169
d__Bacteria; p__Planctomycetota; c__Planctomycetes; o__Isosphaerales; f__Isosphaeraceae; g__uncultured,1.2960011153856104,1.8529240052247242,-1.015854362796402,0.5569228898391139,2.3118554781820126,0.5569228898391139,G25,0.000896756809976502
d__Bacteria; p__Planctomycetota; c__Phycisphaerae; o__Tepidisphaerales; f__WD2101_soil_group; g__WD2101_soil_group,11.140056142851375,10.582384823840156,0.0,0.5576713190112184,11.140056142851375,0.5576713190112184,G25,0.0009470118909176981
d__Bacteria; p__Firmicutes; c__Clostridia; o__Clostridiales; f__Clostridiaceae; g__Clostridium_sensu_stricto_8,-0.6614915629405301,-10.712117681767158,-1.2620791689764412,10.050626118826628,0.6005876060359111,0.6005876060359111,G50,0.0008586316833358127
d__Bacteria; p__Actinobacteriota; c__Actinobacteria; o__Micrococcales; f__Microbacteriaceae,-0.22979630850332508,0.37906482975970174,1.8926207501259904,0.6088611382630268,2.1224170586293156,0.6088611382630268,G25,0.001191086990427811
d__Bacteria; p__Firmicutes; c__Clostridia; o__Oscillospirales; f__Ruminococcaceae; g__Incertae_Sedis,7.773385113788855,0.0,8.392232919191711,7.773385113788855,0.6188478054028561,0.6188478054028561,G50,0.00013819190224400007
d__Bacteria; p__Firmicutes; c__Clostridia; o__Clostridia_vadinBB60_group; f__Clostridia_vadinBB60_group; g__Clostridia_vadinBB60_group,8.18855006481579,8.820392819022969,0.0,0.6318427542071792,8.18855006481579,0.6318427542071792,G25,0.00018545229109860324
d__Bacteria; p__Firmicutes; c__Clostridia; o__Oscillospirales; f__Oscillospiraceae; g__uncultured,10.969093467838151,10.334633724783629,10.15658884730916,0.6344597430545225,0.8125046205289905,0.6344597430545225,G25,0.001108578855680247
d__Bacteria; p__Actinobacteriota; c__Actinobacteria; o__Bifidobacteriales; f__Bifidobacteriaceae; g__Gardnerella,-0.6114888672139339,-11.18586471240182,0.029175120723194194,10.574375845187886,0.6406639879371281,0.6406639879371281,G50,0.0015571385518183517
d__Bacteria; p__Firmicutes; c__Bacilli; o__Lactobacillales; f__Enterococcaceae; g__Enterococcus,0.3938332489728265,-0.9140695610771798,1.03624647980168,1.3079028100500063,0.6424132308288535,0.6424132308288535,G50,0.018971792976693623
d__Bacteria; p__Firmicutes; c__Bacilli; o__Staphylococcales; f__Staphylococcaceae; g__Salinicoccus,9.601669933261807,10.25779100733127,6.111046647476922,0.6561210740694641,3.490623285784885,0.6561210740694641,G25,0.000516852129022612
d__Bacteria; p__Firmicutes; c__Clostridia; o__Lachnospirales; f__Lachnospiraceae; g__Blautia,3.5837130671484543,2.9262571470426155,-2.264997239079279,0.6574559201058388,5.8487103062277335,0.6574559201058388,G25,0.0018812962840289288
d__Bacteria; p__Firmicutes; c__Bacilli; o__Lactobacillales; f__Aerococcaceae; g__Facklamia,2.118880007790046,-9.005613030134114,2.813450432997136,11.12449303792416,0.6945704252070901,0.6945704252070901,G50,0.0015891940599825141
d__Bacteria; p__Deinococcota; c__Deinococci; o__Deinococcales; f__Deinococcaceae; g__Deinococcus,1.7108762877506458,1.0045178047274468,-2.2024963098506207,0.706358483023199,3.9133725976012665,0.706358483023199,G25,0.001852291579195373
d__Bacteria; p__Firmicutes; c__Bacilli; o__Bacillales; f__Bacillaceae; g__Bacillus,1.726831122919609,-8.499834377451807,1.0044309632702062,10.226665500371416,0.7224001596494027,0.7224001596494027,G50,0.0005708571818449858
d__Bacteria; p__Firmicutes; c__Bacilli; o__Lactobacillales; f__Lactobacillaceae; g__Lactobacillus,-0.856377711334315,9.008952352694038e-05,-0.06596047865889952,0.8564678008578419,0.7904172326754154,0.7904172326754154,G50,0.7130046332408729
d__Bacteria; p__Firmicutes; c__Clostridia; o__Lachnospirales; f__Lachnospiraceae,3.7058347804737637,2.8478896805783345,1.5477831976726415,0.8579450998954292,2.1580515828011224,0.8579450998954292,G25,0.008616194155773298
d__Bacteria; p__Firmicutes; c__Bacilli; o__Lactobacillales; f__Streptococcaceae; g__Streptococcus,0.9915229676006706,-1.1494406582744212,0.11253054566752453,2.140963625875092,0.8789924219331461,0.8789924219331461,G50,0.007952587060720485
d__Bacteria; p__Desulfobacterota; c__Desulfovibrionia; o__Desulfovibrionales; f__Desulfovibrionaceae; g__Desulfovibrio,2.37764404920635,3.261300557331451,-0.12245718860502634,0.8836565081251009,2.5001012378113767,0.8836565081251009,G25,0.0009552943876761211
d__Bacteria; p__Actinobacteriota; c__Actinobacteria; o__Propionibacteriales; f__Nocardioidaceae; g__Nocardioides,2.258104749980378,0.8682003390436682,1.3482857434843623,1.38990441093671,0.9098190064960159,0.9098190064960159,G50,0.00036491954549856034
d__Bacteria; p__Proteobacteria; c__Alphaproteobacteria; o__Rhizobiales; f__Beijerinckiaceae; g__Methylobacterium-Methylorubrum,8.363885847822127,9.290018846932618,0.0,0.9261329991104912,8.363885847822127,0.9261329991104912,G25,0.000238360794832494
d__Bacteria; p__Firmicutes; c__Clostridia; o__Lachnospirales; f__Lachnospiraceae; g__[Ruminococcus]_torques_group,11.472093973428818,10.54514532110937,10.529344236092347,0.9269486523194477,0.9427497373364702,0.9269486523194477,G25,0.0014524808419433754
d__Bacteria; p__Actinobacteriota; c__Actinobacteria; o__Corynebacteriales; f__Dietziaceae; g__Dietzia,4.070716598493665,-0.6414976368051581,3.0957712409428346,4.712214235298823,0.9749453575508307,0.9749453575508307,G50,0.0017074769179849165
d__Bacteria; p__Patescibacteria; c__Saccharimonadia; o__Saccharimonadales,-0.4674195380520346,-9.642040165858822,0.6287997763111961,9.174620627806787,1.0962193143632306,1.0962193143632306,G50,0.0006523344278031164
d__Bacteria; p__Bacteroidota; c__Bacteroidia; o__Bacteroidales; f__Muribaculaceae; g__Muribaculaceae,2.367898196422674,3.6915635586420854,1.23658253382194,1.3236653622194114,1.131315662600734,1.131315662600734,G50,0.012631562092221422
d__Bacteria; p__Firmicutes; c__Bacilli; o__Lactobacillales; f__Leuconostocaceae; g__Weissella,10.187156260154685,11.322764092188269,6.81583293200976,1.1356078320335836,3.371323328144925,1.1356078320335836,G25,0.0009592464325891837
d__Bacteria; p__Firmicutes; c__Bacilli; o__Lactobacillales,10.186013341108755,0.0,9.034695341740408,10.186013341108755,1.151317999368347,1.151317999368347,G50,0.0004218452137776417
d__Bacteria; p__Planctomycetota; c__Planctomycetes; o__Isosphaerales; f__Isosphaeraceae,10.925807991124664,9.742262119312596,6.959383351533722,1.1835458718120684,3.966424639590942,1.1835458718120684,G25,0.0007308150999678475
d__Bacteria; p__Proteobacteria; c__Alphaproteobacteria; o__Rhizobiales; f__Beijerinckiaceae; g__Bosea,0.6938279889842707,-0.4973933121940041,-0.9660877896153883,1.1912213011782748,1.659915778599659,1.1912213011782748,G25,0.0008749817313397401
d__Bacteria; p__Actinobacteriota; c__Actinobacteria; o__Micrococcales; f__Brevibacteriaceae; g__Brevibacterium,11.203689308141422,9.978802703034834,7.835732582557581,1.2248866051065885,3.3679567255838414,1.2248866051065885,G25,0.0008982680251771708
d__Bacteria; p__Proteobacteria; c__Alphaproteobacteria; o__Rhizobiales; f__Rhizobiaceae,11.440840534142433,0.0,10.205305912693174,11.440840534142433,1.2355346214492595,1.2355346214492595,G50,0.000989636488883001
d__Bacteria; p__Proteobacteria; c__Alphaproteobacteria; o__Rhizobiales; f__Devosiaceae; g__Devosia,0.06596671221823297,-1.1754419026143454,-4.175038609429633,1.2414086148325785,4.241005321647866,1.2414086148325785,G25,0.0005798672403449838
d__Bacteria; p__Actinobacteriota; c__Actinobacteria; o__Propionibacteriales; f__Propionibacteriaceae; g__Tessaracoccus,8.206161663339259,0.0,6.964119970331883,8.206161663339259,1.2420416930073763,1.2420416930073763,G50,0.00010454532186639597
d__Bacteria; p__Bacteroidota; c__Bacteroidia; o__Bacteroidales; f__Rikenellaceae; g__Rikenellaceae_RC9_gut_group,7.116031675159371,0.0,8.392232919191711,7.116031675159371,1.2762012440323405,1.2762012440323405,G50,0.00011817507232544198
d__Bacteria; p__Firmicutes; c__Clostridia; o__Oscillospirales; f__UCG-010; g__UCG-010,3.747436804605752,-5.4271838232010365,2.4693164661286335,9.174620627806789,1.2781203384771183,1.2781203384771183,G50,0.00021404573113940103
d__Bacteria; p__Bacteroidota; c__Bacteroidia; o__Flavobacteriales; f__Flavobacteriaceae; g__Flavobacterium,10.757223931082649,9.42308201422837,0.0,1.3341419168542785,10.757223931082649,1.3341419168542785,G25,0.0006038211538597371
d__Bacteria; p__Firmicutes; c__Clostridia; o__Clostridia_UCG-014; f__Clostridia_UCG-014; g__Clostridia_UCG-014,12.33728073289649,9.657231997672731,10.986705813104866,2.6800487352237585,1.3505749197916241,1.3505749197916241,G50,0.002002110612877887
d__Bacteria; p__Actinobacteriota; c__Actinobacteria; o__Propionibacteriales; f__Propionibacteriaceae; g__Propioniciclava,0.9544674016089517,-10.432570135543346,-0.40544068354315466,11.387037537152297,1.3599080851521064,1.3599080851521064,G50,0.0012751614648797173
d__Bacteria; p__Firmicutes,9.627376020066318,0.0,8.188836207851423,9.627376020066318,1.438539812214895,1.438539812214895,G50,0.00027017836954976437
d__Bacteria; p__Actinobacteriota; c__Actinobacteria; o__Micrococcales; f__Micrococcaceae; g__Rothia,-0.36030991911426885,-1.855949417118665,1.2997632579672591,1.495639498004396,1.660073177081528,1.495639498004396,G25,0.01578080908800855
d__Bacteria; p__Proteobacteria; c__Alphaproteobacteria; o__Rhodobacterales; f__Rhodobacteraceae; g__Paracoccus,1.7585243085826108,-0.21594127576813243,0.2136969643228126,1.9744655843507433,1.5448273442597982,1.5448273442597982,G50,0.0021603863347133623
d__Bacteria; p__Firmicutes; c__Clostridia; o__Peptostreptococcales-Tissierellales; f__Sedimentibacteraceae; g__Sedimentibacter,0.9786301623930016,-10.39433070203306,-0.6217774482504719,11.37296086442606,1.6004076106434735,1.6004076106434735,G50,0.0012174244162644506
d__Bacteria; p__Firmicutes; c__Bacilli; o__Bacillales; f__Planococcaceae; g__Domibacillus,2.0599701297626734,-2.5996049064974134,0.4586383653149729,4.659575036260087,1.6013317644477005,1.6013317644477005,G50,0.001116040334706425
d__Bacteria; p__Actinobacteriota; c__Actinobacteria; o__Propionibacteriales; f__Propionibacteriaceae; g__uncultured,9.872309633733227,0.0,8.225850764182002,9.872309633733227,1.6464588695512248,1.6464588695512248,G50,0.00030866153874738465
d__Bacteria; p__Actinobacteriota; c__Coriobacteriia; o__Coriobacteriales; f__Coriobacteriaceae; g__Collinsella,8.990950129437671,10.646617726973881,0.0,1.65566759753621,8.990950129437671,1.65566759753621,G25,0.0005274659768325332
d__Bacteria; p__Firmicutes; c__Clostridia,9.546423515635144,0.0,7.8857938994725485,9.546423515635144,1.6606296161625957,1.6606296161625957,G50,0.0002455679638468462
d__Bacteria; p__Firmicutes; c__Bacilli; o__Lactobacillales; f__Aerococcaceae; g__Aerococcus,10.924053113613391,9.193962462551019,9.192843301219026,1.7300906510623726,1.7312098123943649,1.7300906510623726,G25,0.000777719421821205
d__Bacteria; p__Proteobacteria; c__Alphaproteobacteria; o__Rhizobiales; f__Hyphomicrobiaceae; g__Hyphomicrobium,2.653481917084148,-8.134663849656325,0.893847576046914,10.788145766740474,1.759634341037234,1.759634341037234,G50,0.0006421408610986558
d__Bacteria; p__Acidobacteriota; c__Acidobacteriae; o__Subgroup_2; f__Subgroup_2; g__Subgroup_2,11.314691562529157,9.550000869996442,0.0,1.7646906925327155,11.314691562529157,1.7646906925327155,G25,0.00082370089139042
d__Bacteria; p__Planctomycetota; c__Planctomycetes; o__Pirellulales; f__Pirellulaceae; g__Pirellula,8.41961250397651,0.0,6.625016085349395,8.41961250397651,1.7945964186271146,1.7945964186271146,G50,0.0001097800161155217
d__Bacteria; p__Firmicutes; c__Clostridia; o__Peptostreptococcales-Tissierellales; f__Peptostreptococcaceae; g__Romboutsia,5.763042455255565,3.9307446558062655,3.740121906358164,1.8322977994492997,2.0229205488974014,1.8322977994492997,G25,0.027922729837774104
d__Bacteria; p__Actinobacteriota; c__Actinobacteria; o__Corynebacteriales; f__Corynebacteriaceae; g__Corynebacterium,1.7563085589782998,-0.14935150398238364,-0.6658168851892601,1.9056600629606835,2.42212544416756,1.9056600629606835,G25,0.015072040030273593
d__Bacteria; p__Proteobacteria; c__Gammaproteobacteria; o__Pseudomonadales; f__Pseudomonadaceae; g__Pseudomonas,8.363885847822127,10.967769576732623,6.405057707390356,2.603883728910496,1.9588281404317707,1.9588281404317707,G50,0.0006034855882570291
d__Bacteria; p__Chloroflexi; c__Chloroflexia; o__Thermomicrobiales; f__JG30-KF-CM45; g__JG30-KF-CM45,2.5490768069671175,0.5533760595742496,0.2907951371545455,1.9957007473928678,2.258281669812572,1.9957007473928678,G25,0.002360627792254879
d__Bacteria; p__Proteobacteria; c__Alphaproteobacteria; o__Rhodobacterales; f__Rhodobacteraceae,1.7330251699172492,-9.134592802485137,-0.2991638262895381,10.867617972402387,2.0321889962067874,2.0321889962067874,G50,0.0007210768389370955
d__Bacteria; p__Firmicutes; c__Negativicutes; o__Veillonellales-Selenomonadales; f__Veillonellaceae; g__Veillonella,-2.823735958486007,-0.2763677063516402,-0.7769194796898076,2.547368252134367,2.0468164787961998,2.0468164787961998,G50,0.0015443396747354635
d__Bacteria; p__Firmicutes; c__Bacilli; o__Staphylococcales; f__Staphylococcaceae; g__Staphylococcus,3.39083905358164,1.2282490932886205,1.2785226702798171,2.16258996029302,2.112316383301823,2.112316383301823,G50,0.035592154994722326
d__Bacteria; p__Actinobacteriota; c__Actinobacteria; o__Micrococcales; f__Microbacteriaceae; g__Leucobacter,-0.7761309571221997,-10.357540471900844,1.341857619702126,9.581409514778644,2.1179885768243256,2.1179885768243256,G50,0.0013501746256804371
d__Bacteria; p__Firmicutes; c__Negativicutes; o__Veillonellales-Selenomonadales; f__Selenomonadaceae; g__Megamonas,7.472449134186638,10.245807838567899,5.340264448402577,2.773358704381261,2.132184685784061,2.132184685784061,G50,0.00035733039694337964
d__Bacteria; p__Verrucomicrobiota; c__Verrucomicrobiae; o__Chthoniobacterales; f__Xiphinematobacteraceae; g__Candidatus_Xiphinematobacter,11.367318593197473,0.0,9.13404761645136,11.367318593197473,2.2332709767461125,2.2332709767461125,G50,0.0008004191019803194
d__Bacteria; p__Firmicutes; c__Clostridia; o__Clostridia; f__Hungateiclostridiaceae; g__Fastidiosipila,8.796897330004024,0.0,6.552928966262678,8.796897330004024,2.2439683637413452,2.2439683637413452,G50,0.00013416406420063449
d__Bacteria; p__Firmicutes; c__Bacilli; o__Bacillales; f__Planococcaceae,11.234567970024722,0.0,8.920502144621098,11.234567970024722,2.314065825403624,2.314065825403624,G50,0.0007230333633615321
d__Bacteria; p__Firmicutes; c__Bacilli; o__Bacillales; f__Planococcaceae; g__Lysinibacillus,2.74224402066532,0.14157074584485804,0.42585559584348665,2.600673274820462,2.3163884248218336,2.3163884248218336,G50,0.0010666744806558468
d__Bacteria; p__Proteobacteria; c__Gammaproteobacteria; o__Pseudomonadales; f__Moraxellaceae; g__Acinetobacter,9.174620627806787,0.0,6.790906732996283,9.174620627806787,2.383713894810504,2.383713894810504,G50,0.0001716520334466182
d__Bacteria; p__Patescibacteria; c__Saccharimonadia; o__Saccharimonadales; f__Saccharimonadaceae; g__TM7a,1.324570131665968,-1.079702680787809,-1.3678193116185073,2.404272812453777,2.6923894432844753,2.404272812453777,G25,0.0014722382632651628
d__Bacteria; p__Firmicutes; c__Clostridia; o__Oscillospirales; f__Ruminococcaceae; g__Subdoligranulum,12.574019731592047,10.110269878101786,5.42198198719824,2.4637498534902615,7.152037744393807,2.4637498534902615,G25,0.0018106958413395002
d__Bacteria; p__Firmicutes; c__Clostridia; o__Oscillospirales; f__Ruminococcaceae; g__Candidatus_Soleaferrea,9.811407477220857,0.0,7.339962614956921,9.811407477220857,2.4714448622639367,2.4714448622639367,G50,0.0002646332658436676
d__Bacteria; p__Actinobacteriota; c__Actinobacteria; o__Micrococcales; f__Micrococcaceae; g__Kocuria,2.6517546304904003,0.17922151912764062,-0.004453602210622535,2.4725331113627598,2.656208232701023,2.4725331113627598,G25,0.0028505701662987115
d__Bacteria; p__Actinobacteriota; c__Actinobacteria; o__Micrococcales; f__Intrasporangiaceae; g__Knoellia,-0.08940712313415909,-9.895145360113412,-2.672418524867378,9.805738236979254,2.583011401733219,2.583011401733219,G50,0.0004983951636271545
d__Bacteria; p__Firmicutes; c__Negativicutes; o__Veillonellales-Selenomonadales; f__Sporomusaceae,10.879640089573853,0.0,8.279098423906554,10.879640089573853,2.600541665667299,2.600541665667299,G50,0.0005481784828499593
d__Bacteria; p__Proteobacteria; c__Alphaproteobacteria; o__Rhizobiales; f__Rhizobiaceae; g__Shinella,-2.605485528999817,-10.658199948379687,0.0031528309708185698,8.052714419379871,2.6086383599706355,2.6086383599706355,G50,0.0008745091246915281
d__Bacteria; p__Firmicutes; c__Bacilli; o__Erysipelotrichales; f__Erysipelotrichaceae; g__Turicibacter,13.852250226969344,10.4993727775556,11.22293646304233,3.3528774494137448,2.629313763927014,2.629313763927014,G50,0.004655974134228224
d__Bacteria; p__Firmicutes; c__Clostridia; o__Oscillospirales; f__Ruminococcaceae,9.844130029609037,0.0,7.164245885111377,9.844130029609037,2.6798841444976595,2.6798841444976595,G50,0.00026514184819868776
d__Bacteria; p__Firmicutes; c__Clostridia; o__Peptostreptococcales-Tissierellales; f__Peptostreptococcales-Tissierellales,11.612941417699993,0.0,8.918976314667797,11.612941417699993,2.6939651030321965,2.6939651030321965,G50,0.0009035490616672195
d__Bacteria; p__Firmicutes; c__Clostridia; o__Peptococcales; f__Peptococcaceae; g__Peptococcus,5.761101493140488,-6.045707587953116,3.0453125699923445,11.806809081093604,2.715788923148143,2.715788923148143,G50,0.001047761848050285
d__Bacteria; p__Firmicutes; c__Clostridia; o__Christensenellales; f__Christensenellaceae; g__Christensenellaceae_R-7_group,4.38724765012468,1.6507422165949581,0.6394306051145447,2.7365054335297216,3.747817045010135,2.7365054335297216,G25,0.0016496747896174912
d__Bacteria; p__Actinobacteriota; c__Actinobacteria; o__Micrococcales; f__Dermabacteraceae; g__Brachybacterium,0.8125303634243969,-2.5370793632991915,-2.005133665262884,3.3496097267235885,2.817664028687281,2.817664028687281,G50,0.0022767484972967887
d__Bacteria; p__Actinobacteriota; c__Actinobacteria; o__Micrococcales; f__Dermacoccaceae; g__Dermacoccaceae,9.688468335136813,0.0,6.790906732996283,9.688468335136813,2.89756160214053,2.89756160214053,G50,0.00023346375612674452
d__Bacteria; p__Proteobacteria; c__Gammaproteobacteria; o__Enterobacterales; f__Enterobacteriaceae; g__Escherichia-Shigella,9.295518642860143,0.0,6.324262913890349,9.295518642860143,2.971255728969794,2.971255728969794,G50,0.00017663013659235783
d__Bacteria; p__Firmicutes; c__Clostridia; o__Clostridiales; f__Clostridiaceae; g__Clostridium_sensu_stricto_3,1.4704081058453395,-8.397542933918679,-1.606636200922397,9.86795103976402,3.0770443067677364,3.0770443067677364,G50,0.0003448462251871814
d__Bacteria; p__Firmicutes; c__Bacilli; o__Staphylococcales; f__Staphylococcaceae; g__Jeotgalicoccus,3.0776787948782416,-0.014589058089941672,-0.49651666226265545,3.0922678529681833,3.574195457140897,3.0922678529681833,G25,0.0013065235406617835
d__Bacteria; p__Firmicutes; c__Clostridia; o__Clostridiales; f__Clostridiaceae; g__Clostridium_sensu_stricto_1,2.7391877141555123,-0.671935754789758,-0.4160925430945688,3.41112346894527,3.155280257250081,3.155280257250081,G50,0.0024746341567148814
d__Bacteria; p__Firmicutes; c__Clostridia; o__Clostridia; f__Gracilibacteraceae,0.9121086177662852,-8.205508899592846,-2.379338064376856,9.117617517359133,3.291446682143141,3.291446682143141,G50,0.000226104277193657
d__Bacteria; p__Firmicutes; c__Clostridia; o__Oscillospirales; f__Oscillospiraceae,11.351133266715022,8.039449749629721,7.527725116367698,3.311683517085301,3.8234081503473245,3.311683517085301,G25,0.0007642449803977047
d__Bacteria; p__Cyanobacteria; c__Vampirivibrionia; o__Gastranaerophilales; f__Gastranaerophilales; g__Gastranaerophilales,9.369364510247804,0.0,5.803877158046034,9.369364510247804,3.56548735220177,3.56548735220177,G50,0.00017881460455406372
d__Bacteria; p__Firmicutes; c__Bacilli; o__Erysipelotrichales; f__Erysipelatoclostridiaceae; g__Erysipelatoclostridium,11.620116805717851,7.87227792371015,0.0,3.7478388820077013,11.620116805717851,3.7478388820077013,G25,0.0008450214341947276
d__Bacteria; p__Proteobacteria; c__Alphaproteobacteria; o__Rhizobiales; f__Rhizobiaceae; g__Allorhizobium-Neorhizobium-Pararhizobium-Rhizobium,10.808917909731033,0.0,6.984334372321935,10.808917909731033,3.824583537409098,3.824583537409098,G50,0.00047964002246154823
d__Bacteria; p__Firmicutes; c__Clostridia; o__Monoglobales; f__Monoglobaceae; g__Monoglobus,11.172334728910428,0.0,7.246780630820818,11.172334728910428,3.92555409808961,3.92555409808961,G50,0.0006144326978990526
d__Bacteria; p__Firmicutes; c__Clostridia; o__Peptostreptococcales-Tissierellales; f__Peptostreptococcales-Tissierellales; g__Tissierella,4.1632138725404255,-7.722035674651978,0.041458873627074094,11.885249547192403,4.121754998913351,4.121754998913351,G50,0.001052064430294677
d__Bacteria; p__Firmicutes; c__Clostridia; o__Clostridiales; f__Clostridiaceae; g__Clostridium_sensu_stricto_13,6.160688633282436,0.0,10.535322078157796,6.160688633282436,4.37463344487536,4.37463344487536,G50,0.00038839713902706136
d__Bacteria; p__Firmicutes; c__Negativicutes; o__Veillonellales-Selenomonadales; f__Sporomusaceae; g__Sporomusa,11.81437873775095,0.0,7.100572667609713,11.81437873775095,4.713806070141237,4.713806070141237,G50,0.000934183213491066
d__Bacteria; p__Proteobacteria; c__Alphaproteobacteria; o__Rhizobiales; f__Xanthobacteraceae,4.6861201647186865,-5.4271838232010365,-0.0850278032147193,10.113303987919723,4.7711479679334055,4.7711479679334055,G50,0.00029706392910023807
d__Bacteria; p__Firmicutes; c__Clostridia; o__Peptostreptococcales-Tissierellales; f__Anaerovoracaceae; g__Anaerovorax,10.770910748425026,0.0,5.82617083521599,10.770910748425026,4.944739913209036,4.944739913209036,G50,0.00045050852410914336
d__Bacteria; p__Proteobacteria; c__Alphaproteobacteria; o__Caulobacterales; f__Caulobacteraceae; g__Brevundimonas,10.126326083189582,0.0,4.687686481706076,10.126326083189582,5.438639601483506,5.438639601483506,G50,0.0002853694964953057
d__Bacteria; p__Gemmatimonadota; c__Gemmatimonadetes; o__Gemmatimonadales; f__Gemmatimonadaceae; g__uncultured,-3.054196373230193,-10.082137510486906,-10.082137510486906,7.027941137256713,7.027941137256713,7.027941137256713,G25,0.0003031236286959245
d__Bacteria; p__Bdellovibrionota; c__Bdellovibrionia; o__Bacteriovoracales; f__Bacteriovoracaceae; g__Peredibacter,0.0,8.13428576560711,7.246780630820818,8.13428576560711,7.246780630820818,7.246780630820818,G50,0.00010771295980742022
d__Bacteria; p__Proteobacteria; c__Gammaproteobacteria; o__WD260; f__WD260; g__WD260,0.046262030602499754,-7.839192296982609,-7.839192296982609,7.885454327585109,7.885454327585109,7.885454327585109,G25,0.00011586462523746007
d__Bacteria; p__Chloroflexi; c__Chloroflexia; o__Chloroflexales; f__Herpetosiphonaceae; g__Herpetosiphon,1.1224723297411328,-7.066077735074656,-7.066077735074656,8.18855006481579,8.18855006481579,8.18855006481579,G25,0.00010593527340534145
d__Bacteria; p__Proteobacteria; c__Gammaproteobacteria; o__Burkholderiales; f__Burkholderiaceae; g__Burkholderia-Caballeronia-Paraburkholderia,8.38539928782265,0.0,0.0,8.38539928782265,8.38539928782265,8.38539928782265,G25,8.334816023613881e-05
d__Bacteria; p__Firmicutes; c__Clostridia; o__Oscillospirales; f__Oscillospiraceae; g__Oscillibacter,-7.577417346948604,3.4006703113246037,0.8735374916016112,10.978087658273207,8.450954838550215,8.450954838550215,G50,0.0006387663363764638
d__Bacteria; p__Firmicutes; c__Clostridia; o__Clostridiales; f__Clostridiaceae; g__Proteiniclasticum,1.6178456232729923,-6.845478609791605,-6.845478609791605,8.463324233064597,8.463324233064597,8.463324233064597,G25,0.0001164875302267666
d__Bacteria; p__Firmicutes; c__Clostridia; o__Clostridia; f__Hungateiclostridiaceae; g__uncultured,8.477896991012559,0.0,0.0,8.477896991012559,8.477896991012559,8.477896991012559,G25,8.888357036399428e-05
d__Bacteria; p__Proteobacteria; c__Alphaproteobacteria; o__Rhizobiales; f__Rhizobiales_Incertae_Sedis; g__Phreatobacter,8.510875288248421,0.0,0.0,8.510875288248421,8.510875288248421,8.510875288248421,G25,9.094452378194321e-05
d__Bacteria; p__Firmicutes; c__Clostridia; o__Oscillospirales; f__Ruminococcaceae; g__CAG-352,8.543663800808687,0.0,0.0,8.543663800808687,8.543663800808687,8.543663800808687,G25,9.304085762729393e-05
d__Bacteria; p__Firmicutes; c__Bacilli; o__Lactobacillales; f__Carnobacteriaceae; g__Atopostipes,8.73553978553849,0.0,0.0,8.73553978553849,8.73553978553849,8.73553978553849,G25,0.00010631130058374068
d__Bacteria; p__Firmicutes; c__Bacilli; o__Erysipelotrichales; f__Erysipelotrichaceae; g__Faecalitalea,8.960107003015098,0.0,0.0,8.960107003015098,8.960107003015098,8.960107003015098,G25,0.00012425906761921176
d__Bacteria; p__Patescibacteria; c__Gracilibacteria; o__Absconditabacteriales_(SR1); f__Absconditabacteriales_(SR1); g__Absconditabacteriales_(SR1),9.156822234481293,0.0,0.0,9.156822234481293,9.156822234481293,9.156822234481293,G25,0.0001424480919877013
d__Bacteria; p__Campilobacterota; c__Campylobacteria; o__Campylobacterales; f__Arcobacteraceae,2.208967231065591,-7.257376376613523,-7.257376376613523,9.466343607679114,9.466343607679114,9.466343607679114,G25,0.0002145949397038683
d__Bacteria; p__Firmicutes; c__Bacilli; o__Lactobacillales; f__Vagococcaceae; g__Vagococcus,-0.9681333225752399,-10.502777480134593,-10.502777480134593,9.534644157559354,9.534644157559354,9.534644157559354,G25,0.0005476551974562664
d__Bacteria; p__Acidobacteriota; c__Acidobacteriae; o__Solibacterales; f__Solibacteraceae; g__Candidatus_Solibacter,9.685949938054573,0.0,0.0,9.685949938054573,9.685949938054573,9.685949938054573,G25,0.00020567139730364673
d__Bacteria; p__Firmicutes; c__Clostridia; o__Oscillospirales; f__Oscillospiraceae; g__Colidextribacter,1.001408207942671,-8.774775544437606,-8.774775544437606,9.776183752380277,9.776183752380277,9.776183752380277,G25,0.0003282112455603092
d__Bacteria; p__Firmicutes; c__Bacilli; o__Staphylococcales; f__Staphylococcaceae,9.793983376486953,0.0,0.0,9.793983376486953,9.793983376486953,9.793983376486953,G25,0.0002216834590076017
d__Bacteria; p__Patescibacteria; c__Saccharimonadia; o__Saccharimonadales; f__Saccharimonadaceae; g__Candidatus_Saccharimonas,9.830794368925035,0.0,0.0,9.830794368925035,9.830794368925035,9.830794368925035,G25,0.00022741904977141325
d__Bacteria; p__Bacteroidota; c__Bacteroidia; o__Chitinophagales; f__Chitinophagaceae; g__Puia,9.895478398646882,0.0,0.0,9.895478398646882,9.895478398646882,9.895478398646882,G25,0.00023785900932710575
d__Bacteria; p__Firmicutes; c__Clostridia; o__Oscillospirales,10.179442801069328,0.0,0.0,10.179442801069328,10.179442801069328,10.179442801069328,G25,0.00028965628515374443
d__Bacteria; p__Acidobacteriota; c__Acidobacteriae; o__Bryobacterales; f__Bryobacteraceae; g__Bryobacter,10.207075115568625,0.0,0.0,10.207075115568625,10.207075115568625,10.207075115568625,G25,0.0002952624526778624
d__Bacteria; p__Firmicutes; c__Desulfotomaculia; o__Desulfotomaculales; f__Desulfotomaculales; g__Desulfotomaculum,10.261761539194191,0.0,0.0,10.261761539194191,10.261761539194191,10.261761539194191,G25,0.00030667908190992917
d__Bacteria; p__Bacteroidota; c__Bacteroidia; o__Bacteroidales; f__Rikenellaceae; g__Alistipes,0.0,11.124097661651348,10.272105684139108,11.124097661651348,10.272105684139108,10.272105684139108,G50,0.000866628529118222
d__Bacteria; p__Bacteroidota; c__Bacteroidia; o__Bacteroidales; f__Bacteroidales_UCG-001; g__Bacteroidales_UCG-001,10.365653893519148,0.0,0.0,10.365653893519148,10.365653893519148,10.365653893519148,G25,0.0003295971646757628
d__Bacteria; p__Bacteroidota; c__Bacteroidia; o__Bacteroidales; f__Prevotellaceae; g__Prevotellaceae_UCG-001,1.2374954959611912,-9.157335414061572,-9.157335414061572,10.394830910022764,10.394830910022764,10.394830910022764,G25,0.0004788347550153658
d__Bacteria; p__Planctomycetota; c__Planctomycetes; o__Planctomycetales; f__uncultured; g__uncultured,10.617680652771792,0.0,0.0,10.617680652771792,10.617680652771792,10.617680652771792,G25,0.00039255804107321025
d__Bacteria; p__Cloacimonadota; c__Cloacimonadia; o__Cloacimonadales; f__Cloacimonadaceae; g__Candidatus_Cloacimonas,10.989731120874438,0.0,0.0,10.989731120874438,10.989731120874438,10.989731120874438,G25,0.0005081186027502781
d__Bacteria; p__Firmicutes; c__Bacilli; o__Staphylococcales; f__Staphylococcaceae; g__Nosocomiicoccus,11.042305296222166,0.0,0.0,11.042305296222166,11.042305296222166,11.042305296222166,G25,0.0005269860820911595
d__Bacteria; p__Actinobacteriota; c__Actinobacteria; o__Actinomycetales; f__Actinomycetaceae; g__Actinomyces,0.5434932623434129,-10.751647384242705,-10.751647384242705,11.295140646586118,11.295140646586118,11.295140646586118,G25,0.0010587572195187318
d__Bacteria; p__Firmicutes; c__Bacilli; o__Lactobacillales; f__Carnobacteriaceae; g__Desemzia,11.339839938468398,0.0,0.0,11.339839938468398,11.339839938468398,11.339839938468398,G25,0.0006477454794888853
d__Bacteria; p__Firmicutes; c__Clostridia; o__Lachnospirales; f__Lachnospiraceae; g__[Eubacterium]_hallii_group,11.34508298588909,0.0,0.0,11.34508298588909,11.34508298588909,11.34508298588909,G25,0.000650104711320247
d__Bacteria; p__Firmicutes; c__Clostridia; o__Oscillospirales; f__Ruminococcaceae; g__uncultured,11.359474925906682,0.0,0.0,11.359474925906682,11.359474925906682,11.359474925906682,G25,0.0006566249440227592
d__Bacteria; p__Firmicutes; c__Bacilli; o__Erysipelotrichales; f__Erysipelatoclostridiaceae; g__UCG-004,11.370455035536896,0.0,0.0,11.370455035536896,11.370455035536896,11.370455035536896,G25,0.0006616433819076308
