feature,kw_statistic,kw_pvalue,mean_NC,mean_PC,mean_G25,mean_G50,kw_qvalue,verified_name,id_system,verification_status,source_type,source_note
PWY-7219,10.0221052631579,0.0183791641764655,0.0139557190088378,0.00949090309935246,0.0139789055545649,0.0125741307625685,0.270926804400356,adenosine ribonucleotides de novo biosynthesis,MetaCyc pathway,verified,MetaCyc/BioCyc,Verified from BioCyc/MetaCyc pages for PWY-7219.
ANAGLYCOLYSIS-PWY,9.96157894736841,0.0188955677404606,0.0130513864500373,0.00909466414750477,0.0131716007131832,0.0118638734689058,0.270926804400356,glycolysis III (from glucose),MetaCyc pathway,verified,MetaCyc/BioCyc,Verified from MetaCyc-derived pathway pages.
PWY-621,9.57789473684211,0.022516968061136,0.0119194880137442,0.00717370029200446,0.0119590974344269,0.0106557618548704,0.270926804400356,sucrose degradation III (sucrose invertase),MetaCyc pathway,verified,MetaCyc/BioCyc,Verified from pathway pages referencing MetaCyc.
P122-PWY,9.43789473684211,0.0240013176888717,0.0122133387387053,0.00627053982024549,0.0118449427482834,0.0106207260305667,0.270926804400356,heterolactic fermentation,MetaCyc pathway,verified,MetaCyc/BioCyc,Verified from MetaCyc-linked pathway pages.
P42-PWY,9.43789473684211,0.0240013176888717,0.00158247960339575,0.00479951078484142,0.00237952802791353,0.00265746089409999,0.270926804400356,incomplete reductive TCA cycle,MetaCyc pathway,verified,MetaCyc/BioCyc,Verified from MetaCyc-linked pathway pages.
UDPNAGSYN-PWY,9.36842105263158,0.0247731348150176,0.012166282323488,0.00797854484685939,0.0119764394527126,0.0108784131778858,0.270926804400356,UDP-N-acetyl-D-glucosamine biosynthesis I,MetaCyc pathway,verified,MetaCyc/BioCyc,Verified from MetaCyc-linked pathway pages.
PWY4FS-7,9.35105263157895,0.0249698610363008,0.0134330306487476,0.00931843802000596,0.0133879853906484,0.0122519527071288,0.270926804400356,phosphatidylglycerol biosynthesis I (plastidic),MetaCyc pathway,verified,MetaCyc/BioCyc,Verified from MetaCyc-linked pathway pages.
PWY4FS-8,9.35105263157895,0.0249698610363008,0.0134330306487476,0.00931843802000596,0.0133879853906484,0.0122519527071288,0.270926804400356,phosphatidylglycerol biosynthesis II (non-plastidic),MetaCyc pathway,verified,MetaCyc/BioCyc,Verified from MetaCyc-linked pathway pages.
PWY-5178,9.338,0.0251187111877572,0,5.70398698094179e-05,1.53954092123632e-05,1.78343738397981e-05,0.270926804400356,toluene degradation IV (aerobic) (via catechol),MetaCyc pathway,verified,MetaCyc/BioCyc,Verified from MetaCyc page for PWY-5178.
PWY-7208,9.26421052631579,0.025976699680354,0.0161355007119574,0.0101825471433269,0.0159563593566298,0.0143756094224331,0.270926804400356,superpathway of pyrimidine nucleobases salvage,MetaCyc pathway,verified,MetaCyc/BioCyc,Verified from BioCyc/MetaCyc PWY-7208 pages.
ALL-CHORISMATE-PWY,9.20876923076922,0.0266401819986915,0,0.000475681687999814,9.14612455280409e-05,0.00018936207733705,0.270926804400356,superpathway of chorismate metabolism,MetaCyc pathway,verified,MetaCyc/BioCyc,Verified from MetaCyc page for ALL-CHORISMATE-PWY.
PEPTIDOGLYCANSYN-PWY,9.19473684210526,0.0268107283216902,0.0133669596705001,0.00885607904881383,0.0134255531691213,0.0120801884358278,0.270926804400356,peptidoglycan biosynthesis I (meso-diaminopimelate containing),MetaCyc pathway,verified,MetaCyc/BioCyc,Verified from MetaCyc-linked pathway pages.
PWY-6385,9.19473684210526,0.0268107283216902,0.0133640968300357,0.00884294227266622,0.0134242553797627,0.0120750726825834,0.270926804400356,peptidoglycan biosynthesis III (mycobacteria),MetaCyc pathway,verified,MetaCyc/BioCyc,Verified from MetaCyc-linked pathway pages.
PWY-6386,9.19473684210526,0.0268107283216902,0.0131053580897395,0.00879980774685131,0.013224962259412,0.0119033657263704,0.270926804400356,UDP-N-acetylmuramoyl-pentapeptide biosynthesis II (lysine-containing),MetaCyc pathway,verified,MetaCyc/BioCyc,Verified from MetaCyc-linked pathway pages.
PWY-7229,9.01315789473684,0.0291164557100566,0.0143362682023929,0.00964905164501567,0.0145959087115517,0.0129371570985438,0.270926804400356,superpathway of adenosine nucleotides de novo biosynthesis I,MetaCyc pathway,verified,MetaCyc/BioCyc,Verified from MetaCyc/BioCyc PWY-7229 pages.
PWY-5100,8.98,0.0295579826650674,0.0157627944268496,0.00958388573166712,0.0157317193715127,0.01404315625152,0.270926804400356,,,,,
PWY-5686,8.98,0.0295579826650674,0.0137014546802072,0.00926216043848501,0.0134307843027666,0.0121498443675132,0.270926804400356,,,,,
PWY-6471,8.98,0.0295579826650674,0.0126177669217956,0.00746227310149954,0.0124375354989059,0.0112742019896398,0.270926804400356,,,,,
PWY-5845,8.95117647058825,0.0299471144834224,0,0.000390465047723106,6.5974886182196e-05,0.000250113401561033,0.270926804400356,,,,,
PWY-5850,8.95117647058825,0.0299471144834224,0,0.000390465047723106,6.5974886182196e-05,0.000250113401561033,0.270926804400356,,,,,
PWY-5860,8.95117647058825,0.0299471144834224,0,0.000276961220913536,4.57641577957342e-05,0.00019640700915738,0.270926804400356,,,,,
PWY-5862,8.95117647058825,0.0299471144834224,0,0.000276961220913536,4.57641577957342e-05,0.00019640700915738,0.270926804400356,,,,,
PWY-5896,8.95117647058825,0.0299471144834224,0,0.000390465047723106,6.5974886182196e-05,0.000250113401561033,0.270926804400356,,,,,
PWY-6126,8.88526315789474,0.0308559189728778,0.0139044716047115,0.00922344906132697,0.0141598929583171,0.0124657148137218,0.270926804400356,,,,,
HSERMETANA-PWY,8.84105263157895,0.0314805541601437,0.00109512528589904,0.0027137196953833,0.00110456896845623,0.00171378189154985,0.270926804400356,,,,,
P124-PWY,8.80263157894737,0.0320334271459781,0.0132354947202168,0.00727150222385243,0.0133338953329127,0.0117487544543931,0.270926804400356,,,,,
THRESYN-PWY,8.8,0.0320716408252654,0.00460442283001105,0.00577946132839358,0.00278479041057539,0.00380360969163997,0.270926804400356,,,,,
PANTOSYN-PWY,8.72263157894737,0.0332152653516762,0.00192577143404309,0.00469749067339633,0.00262985956529213,0.0032180815567671,0.270926804400356,,,,,
PWY-7539,8.69736842105263,0.0335972593128125,0.00214359692893409,0.00363820385515499,0.00143742685641502,0.00204539747703949,0.270926804400356,,,,,
PWY-6317,8.61684210526316,0.0348437524409091,0.0146863996488613,0.00867577865893949,0.0155275670576895,0.013518091263768,0.270926804400356,,,,,
PHOSLIPSYN-PWY,8.57894736842105,0.0354458693179234,0.0137193638668094,0.00960558630042239,0.0136938823124407,0.0125560187998361,0.270926804400356,,,,,
PWY-6612,8.55368421052631,0.0358529168044636,0.00268185609760287,0.00459382707600609,0.00219038124801792,0.00324170301612753,0.270926804400356,,,,,
PWY-6125,8.53,0.036238669714688,0.0124621214900673,0.00817238944381759,0.0137460790751892,0.0120577622855907,0.270926804400356,,,,,
PWY-6387,8.53,0.036238669714688,0.0137039810723342,0.00906021703324464,0.013796230331932,0.0124050285364511,0.270926804400356,,,,,
GLUCOSE1PMETAB-PWY,8.52000000000001,0.0364027579221002,0.000450074417554009,0.000424997787048592,0.00016755848051201,0.000870193335572751,0.270926804400356,glucose and glucose-1-phosphate degradation,MetaCyc pathway,verified,MetaCyc/BioCyc,Verified from MetaCyc-derived pathway pages for GLUCOSE1PMETAB-PWY.
PWY-6123,8.5,0.0367331146685893,0.0114437332417063,0.00820586660449605,0.0130782377487926,0.0113035138703209,0.270926804400356,,,,,
FOLSYN-PWY,8.47473684210527,0.0371545954346686,0.0035512618238557,0.00531077642685586,0.00284658548722445,0.0041285036059874,0.270926804400356,,,,,
PWY-5667,8.42210526315789,0.038047905664308,0.0139837934053149,0.0098458010198867,0.0141216857669961,0.0130702817359595,0.270926804400356,,,,,
PWY-7228,8.42210526315789,0.038047905664308,0.0126096533264159,0.0083588894348176,0.0140796107702481,0.0124272755268359,0.270926804400356,,,,,
PWY0-1319,8.42210526315789,0.038047905664308,0.0139837934053149,0.0098458010198867,0.0141216857669961,0.0130702817359595,0.270926804400356,,,,,
PWY-7221,8.34999999999999,0.0393058609633988,0.0143552586059733,0.00946534955808566,0.0140213220239023,0.0130419760623894,0.270926804400356,,,,,
PWY-6163,8.32894736842105,0.0396807420856186,0.00275167964805043,0.0045824770490757,0.00191373859775025,0.00254159087359305,0.270926804400356,,,,,
PWY-7234,8.32894736842105,0.0396807420856186,0.0114173813567457,0.00800164974163108,0.013059765725992,0.0112889986484333,0.270926804400356,,,,,
PWY-5304,8.32736842105263,0.0397089984117276,0.000126687771922935,0.000859845128129248,0.000273496001353865,0.000200271378988526,0.270926804400356,,,,,
COA-PWY,8.31842105263158,0.039869488874116,0.0116806177916626,0.00808801678071495,0.0121064329239077,0.0108628902697115,0.270926804400356,,,,,
P161-PWY,8.31210526315789,0.0399831571812039,0.0158865490586755,0.00889672760292447,0.0153182796332852,0.0137645654100178,0.270926804400356,,,,,
PWY-5347,8.31210526315789,0.0399831571812039,0.00157903600592077,0.00385356182024738,0.00209172800367613,0.00261701396271796,0.270926804400356,,,,,
PWY-5188,8.29894736842105,0.0402209827324155,0.000905173863081261,0.00331072264355657,0.0012802436210143,0.00161747342639845,0.270926804400356,,,,,
PWY0-162,8.28684210526316,0.0404410009586423,0.0126121348357772,0.00842801795790966,0.0134562468748887,0.0118914697408411,0.270926804400356,,,,,
GLCMANNANAUT-PWY,8.22789473684212,0.0415292849229966,0.000457706050703039,0.00244786782925931,0.00113489416000786,0.000790198628463177,0.270926804400356,,,,,
PWY-5189,8.20947368421052,0.0418751941878438,0.000810640601191031,0.00315397529427792,0.00122487107588861,0.00152705046379639,0.270926804400356,,,,,
PWY-841,8.17105263157895,0.0426057277169314,0.011951266759719,0.00840385921590435,0.0135844517265673,0.0118437310177606,0.270926804400356,,,,,
RIBOSYN2-PWY,8.16947368421052,0.0426360139770387,0.0018946924954975,0.00425189613113639,0.00208512386350913,0.00263663886875752,0.270926804400356,,,,,
PWY-6147,8.15105263157895,0.0429909083366294,0.0025172307165076,0.00366184154991803,0.00140409631999352,0.00197905963936296,0.270926804400356,,,,,
HISTSYN-PWY,8.14736842105263,0.0430622320157223,0.00163317695278156,0.00339511866075245,0.00143287164917505,0.00192697830657001,0.270926804400356,,,,,
PWY0-166,8.14736842105263,0.0430622320157223,0.0116154178225369,0.00737048806976243,0.0122991835271706,0.0108387910166294,0.270926804400356,,,,,
PANTO-PWY,8.13315789473685,0.0433384197844448,0.00144750536028674,0.00407486064827438,0.00211001871790601,0.00248666552651659,0.270926804400356,,,,,
PWY-7199,8.11421052631579,0.0437093575649334,0.0019538318415583,0.00440529428929811,0.00239268352621861,0.00313732017606205,0.270926804400356,,,,,
PWY-5484,8.06684210526315,0.0446502920391534,0.0130597522644293,0.0094934055076175,0.0142658493239985,0.012679195261546,0.270926804400356,,,,,
PWY-5097,8.0621052631579,0.0447454639640831,0.0114715923035044,0.00827687791438189,0.012355176307495,0.0108503130758253,0.270926804400356,,,,,
P441-PWY,8.05631578947369,0.0448620536633387,0.00139409510095675,0.00382366628314232,0.00205316508795304,0.00206943785145549,0.270926804400356,,,,,
SULFATE-CYS-PWY,8.05631578947369,0.0448620536633387,0.000769646865069122,0.00256654617497743,0.000979126834537261,0.00111051907249764,0.270926804400356,,,,,
PWY-2942,8.0463157894737,0.0450641334243516,0.0116812326219846,0.00893751103198574,0.0125024703950827,0.0110568871756333,0.270926804400356,,,,,
DENOVOPURINE2-PWY,8.04473684210527,0.045096121721103,0.0122987939306016,0.00849003438615799,0.0138367012629392,0.0120389990721392,0.270926804400356,,,,,
ARO-PWY,8.04210526315789,0.0451494847171151,0.00269625927763264,0.00469035374281558,0.00192713821625015,0.00254337567088582,0.270926804400356,,,,,
COMPLETE-ARO-PWY,8.04210526315789,0.0451494847171151,0.00277944884215205,0.00484059472832315,0.00197612737505878,0.00257837344553227,0.270926804400356,,,,,
POLYISOPRENSYN-PWY,7.99473684210527,0.046120604621375,0.0119142888876076,0.00747791440089419,0.0119570958948141,0.0109729536701668,0.270926804400356,,,,,
HEMESYN2-PWY,7.93421052631579,0.0473911246326929,0.000955599234441856,0.00259522678807281,0.000929796487806283,0.00157530555167468,0.270926804400356,,,,,
PWY-7242,7.91736842105263,0.047750679632124,0.000627148281806166,0.00261423771784668,0.00121904764697813,0.00119983712764875,0.270926804400356,,,,,
P23-PWY,7.89842105263158,0.0481583536832348,0.001091375822237,0.00265022642389443,0.000987429335829706,0.00158212039078116,0.270926804400356,,,,,
PWY-7187,7.86684210526316,0.0488453508167646,0.0111216304557528,0.00698394978648323,0.0117059363856612,0.0102803429289731,0.270926804400356,,,,,
PWY-7184,7.85263157894737,0.0491576024568245,0.0112671026534868,0.00737777304134721,0.0129198518138897,0.0111782470994233,0.270926804400356,,,,,
P4-PWY,7.83842105263157,0.0494717962079653,0.00188854289205635,0.00383302121542119,0.00185923812878288,0.00266315548325183,0.270926804400356,,,,,
P461-PWY,7.76736842105262,0.0510723034864929,0.00424295855800178,0.00186868096892945,0.000878668400156241,0.00239762442275207,0.270926804400356,"hexitol fermentation to lactate, formate, ethanol and acetate",MetaCyc pathway,verified,MetaCyc/BioCyc,Verified from MetaCyc-linked pathway pages for P461-PWY.
PWY-5101,7.75,0.0514711341703399,0.00347830800775389,0.00647504104867703,0.00311292049591023,0.00363681106361152,0.270926804400356,,,,,
PWY-7220,7.72,0.052167168277517,0.0138481025674354,0.00900357505540771,0.0144333125458152,0.0123514804169503,0.270926804400356,,,,,
PWY-7222,7.72,0.052167168277517,0.0138481025674354,0.00900357505540771,0.0144333125458152,0.0123514804169503,0.270926804400356,,,,,
PWY-6122,7.69105263157896,0.0528474507348843,0.012234676032498,0.00928061715810559,0.0145467287720272,0.0125567846692891,0.270926804400356,,,,,
PWY-6277,7.69105263157896,0.0528474507348843,0.012234676032498,0.00928061715810559,0.0145467287720272,0.0125567846692891,0.270926804400356,,,,,
PWY-7197,7.58263157894737,0.055472876466631,0.0100336043117833,0.00674465659426422,0.0116139833594425,0.0100347505872277,0.275734860853265,,,,,
LACTOSECAT-PWY,7.56999999999999,0.055786870350787,0.000444861867433972,0.000736063957366568,0.000295323241931321,0.000681831975487275,0.275734860853265,,,,,
PWY-6121,7.50684210526316,0.0573829094042846,0.0118033912943331,0.00902308626072173,0.014061682869339,0.0120915750438371,0.275734860853265,,,,,
TRPSYN-PWY,7.48789473684211,0.0578703050970201,0.00116402605891514,0.00314451289522059,0.00135538294258881,0.00156856208357331,0.275734860853265,,,,,
PWY-5103,7.45894736842105,0.0586227051653417,0.00282176941121545,0.00477686641699623,0.00224165858839076,0.00285026464074912,0.275734860853265,,,,,
ARGSYN-PWY,7.45157894736842,0.0588157358448569,0.0038896433193283,0.00470959224633125,0.00249417332869604,0.00348995164224567,0.275734860853265,,,,,
PWY-2941,7.37263157894736,0.0609230067938969,0.010833892241267,0.00712723255404502,0.0119671972446673,0.0103097239745887,0.275734860853265,,,,,
PWY-6151,7.32526315789474,0.0622223237260358,0.0112061635505333,0.00685311287164238,0.0117061707142903,0.0101872819604546,0.275734860853265,,,,,
PWY-6609,7.29368421052631,0.0631034170647729,0.00335557776783534,0.00679336331224105,0.00311650133422091,0.00410487215057389,0.275734860853265,,,,,
PWY-7371,7.26684210526317,0.0638618434340721,1.58209588323809e-05,0.000273864020812859,0.000160900589883001,8.0399795483115e-05,0.275734860853265,"1,4-dihydroxy-6-naphthoate biosynthesis II",MetaCyc pathway,verified,MetaCyc/BioCyc,Verified from MetaCyc-derived references listing PWY-7371.
PWY-5005,7.26057945566286,0.0640400619492554,0.000146057911086058,0.00163976511427065,0.000589129294425362,0.000454920188403316,0.275734860853265,,,,,
GLYCOLYSIS,7.25421052631579,0.0642217990970591,0.012339388042651,0.00917191547215901,0.013474659473956,0.0119790703013437,0.275734860853265,,,,,
PWY-7400,7.25421052631579,0.0642217990970591,0.00384171218924557,0.0046653517179904,0.00246763110126117,0.00344164615021085,0.275734860853265,,,,,
ILEUSYN-PWY,7.22736842105263,0.0649932431611532,0.00339859089636858,0.00644236146218122,0.00318406424522887,0.00362935184938467,0.275734860853265,,,,,
PWY-7111,7.22736842105263,0.0649932431611532,0.00363466317999515,0.00720687279287228,0.00336656935487381,0.0038555619362954,0.275734860853265,,,,,
VALSYN-PWY,7.22736842105263,0.0649932431611532,0.00339859089636858,0.00644236146218122,0.00318406424522887,0.00362935184938467,0.275734860853265,,,,,
ANAEROFRUCAT-PWY,7.21473684210525,0.0653593744244777,0.0128247379277226,0.00937486437600425,0.0141764243709499,0.0125423712251211,0.275734860853265,,,,,
PWY-5345,7.19105263157894,0.0660512620731514,0.000655976770528994,0.00241879942607389,0.00103026381566848,0.00109419708518885,0.27578104267656,,,,,
PWY-5973,7.16578947368421,0.0667970921058098,0.0121493357428634,0.00978376213375967,0.0156818834526262,0.0130720005581452,0.276049207171969,,,,,
PWY-3001,7.12263157894738,0.0680901195323819,0.00361830839288741,0.00539258855999433,0.0026430677874687,0.00349009199916833,0.276087452801872,,,,,
PWY0-1298,7.11999999999999,0.0681697414325609,0.00230833663626333,0.00393089074565668,0.00170872970082057,0.00229494488210002,0.276087452801872,,,,,
SER-GLYSYN-PWY,7.09315789473685,0.0689870483977635,0.00333508278996596,0.00431940617300045,0.00193443827042592,0.00273976053179416,0.2766312336742,,,,,
SO4ASSIM-PWY,6.98842105263158,0.0722677500686461,0.000464655210727024,0.00198961074088181,0.000670933710939277,0.000683736477277678,0.283734224239027,,,,,
PWY-7374,6.97,0.0728601464712563,1.22369648182942e-05,0.000128852662410906,0.000128707160389239,6.7786732449883e-05,0.283734224239027,"1,4-dihydroxy-6-naphthoate biosynthesis I",MetaCyc pathway,verified,MetaCyc/BioCyc,Verified from MetaCyc/BioCyc pages for PWY-7374.
PWY0-1586,6.97,0.0728601464712563,0.0131448082742667,0.00834949848018416,0.0127491663108436,0.0120632630780079,0.283734224239027,,,,,
PWY0-1061,6.92894736842105,0.0741972753248901,0.00328700371979434,0.00273355225480194,0.00114632958790483,0.00289727353731942,0.284993359553148,superpathway of L-alanine biosynthesis,MetaCyc pathway,verified,MetaCyc/BioCyc,Verified from MetaCyc-linked pathway pages for PWY0-1061.
HISDEG-PWY,6.91578947368421,0.0746308372793748,0.00044001040652044,0.00207451543242988,0.00079388129843145,0.000811636614774961,0.284993359553148,,,,,
FASYN-ELONG-PWY,6.89578947368422,0.0752945419066342,0.0128666002013205,0.00902154194733991,0.0163438416045907,0.013542102387482,0.284993359553148,,,,,
PWY-5022,6.83263157894737,0.0774280831165764,0.000846942677615747,0.00246001384482009,0.000714346133911783,0.00126838903146965,0.28797889794367,,,,,
PWY0-781,6.77736842105263,0.0793427018817336,0.00173381949228055,0.00365152080440437,0.00184922414302902,0.00251619475881415,0.28797889794367,,,,,
BRANCHED-CHAIN-AA-SYN-PWY,6.76473684210526,0.0797866997622518,0.00328328343016357,0.00541071317357841,0.00269445808049721,0.00333991093152223,0.28797889794367,,,,,
PWY-7663,6.76315789473684,0.0798423677250194,0.0131201164353167,0.0103848436088648,0.0168737781264236,0.0139789709521788,0.28797889794367,,,,,
HEME-BIOSYNTHESIS-II,6.73315789473683,0.0809072040194994,0.000693501589623836,0.00199012653554667,0.000691574429469951,0.00113700557886581,0.28797889794367,,,,,
PWY-6700,6.7221052631579,0.0813029537250977,0.00112616771995142,0.00292644122281465,0.00126765246880042,0.00175957615895899,0.28797889794367,,,,,
ARG+POLYAMINE-SYN,6.71210526315789,0.0816626207110365,0.000214660344653813,0.00147356599454379,0.000682099642545332,0.000753318977733051,0.28797889794367,,,,,
PWY-6897,6.70263157894736,0.0820047724724798,0.0032284093321021,0.00422214887621912,0.0017416040233725,0.00279574801287285,0.28797889794367,,,,,
POLYAMSYN-PWY,6.68526315789474,0.0826356430536331,0.000117023043324989,0.00138012215058428,0.000587581544180898,0.000484028160133421,0.28797889794367,,,,,
REDCITCYC,6.67,0.0831939038503935,0.00128885485005622,0.00359698436273836,0.00139481304378596,0.00215291804126869,0.28797889794367,,,,,
PWY-6703,6.61947368421053,0.0850679838680318,0.000405244220647896,0.00195857660799644,0.000788310225116935,0.000700706857911787,0.289517087954226,,,,,
PWY0-1296,6.61947368421053,0.0850679838680318,0.0022721713835659,0.00443519929985454,0.00167834018606193,0.00241487152572668,0.289517087954226,,,,,
DAPLYSINESYN-PWY,6.57526315789474,0.086741102470751,0.005473340936053,0.00535308507446892,0.00268507502396744,0.00430862783656919,0.290781296101336,L-lysine biosynthesis I,MetaCyc pathway,verified,MetaCyc/BioCyc,Verified from MetaCyc/BioCyc pages for DAPLYSINESYN-PWY.
PWY-6545,6.5463157894737,0.0878537110895491,0.000568553083466137,0.00291502527072491,0.00170290060435986,0.00153680481900499,0.290781296101336,,,,,
PWY-4984,6.46947368421053,0.0908741917971164,0.000597067965448648,0.00209986916101125,0.000721468486208955,0.000947043019094648,0.290781296101336,,,,,
PWY-6892,6.46157894736842,0.0911901129117398,0.000447261704248817,0.00256404860730937,0.00118780996151348,0.00108009912980097,0.290781296101336,,,,,
PWY0-1297,6.43947368421053,0.0920803195137945,0.00279501331743715,0.0043528677949401,0.00183508692488426,0.00291792708304814,0.290781296101336,,,,,
ARGSYNBSUB-PWY,6.43157894736842,0.0924002702863632,0.00377475833761303,0.00491289667875456,0.00243056221161003,0.00348627946569326,0.290781296101336,,,,,
PWY-5918,6.40421052631579,0.0935177257386115,0.000792109781801902,0.00225629004403609,0.000896508758730271,0.0013601667441782,0.290781296101336,,,,,
PWY-6891,6.39842105263158,0.0937557689576721,0.00025676944070463,0.00173849215560116,0.000685327578052235,0.000647544009867721,0.290781296101336,,,,,
PWY-3781,6.36842105263158,0.0949986183172209,0.00196238598300541,0.00541903899703614,0.00228009505189082,0.00294235103666741,0.290781296101336,,,,,
PWY-7332,6.36338461538462,0.0952088147468842,3.12029389524899e-05,0.000366163136881305,0,0.000171056662996076,0.290781296101336,,,,,
PWY-7196,6.35684210526317,0.0954825343848077,0.0076198852929846,0.00702247452328656,0.00702394232519829,0.00862073783077428,0.290781296101336,,,,,
METH-ACETATE-PWY,6.3512323943662,0.0957178300142576,7.45733951068331e-05,0.00155368369405641,0.000710461008683143,0.000577008587201471,0.290781296101336,,,,,
CENTFERM-PWY,6.33526315789474,0.0963907014056292,0.000242351392259576,0.00131389012445811,0.000637900263010549,0.000534701384140293,0.290781296101336,,,,,
PWY-6590,6.33526315789474,0.0963907014056292,0.000309333378008104,0.00158142637078546,0.000799430065392089,0.000675821628109488,0.290781296101336,,,,,
PWY-5384,6.31578947368421,0.0972173807104463,0.00273854816591505,0.00119565291093828,0.000416822757266887,0.00108698732166663,0.290781296101336,sucrose degradation IV (sucrose phosphorylase),MetaCyc pathway,verified,MetaCyc/BioCyc,Verified from BioCyc-linked pathway pages for PWY-5384.
PWY-6749,6.30384615384616,0.0977277498826567,1.11074785662255e-06,0.000116705382179458,6.16997924946646e-05,6.15261244482243e-06,0.290781296101336,,,,,
PWY-5747,6.29368421052632,0.0981640199023483,0.000239058743048926,0.000300413299048729,0.000154896806899536,0.000511709746222766,0.290781296101336,,,,,
PWY-6728,6.28906249999999,0.0983630557182297,4.86468775144613e-05,0.000180508968987169,0,0.000115574875573268,0.290781296101336,methylaspartate cycle,MetaCyc pathway,verified,MetaCyc/BioCyc,Verified from MetaCyc-derived pathway pages for PWY-6728.
PWY-5705,6.21052631578948,0.101805012199538,0.000269764016336701,0.000876650674165061,0.000222903968072092,0.000420256681124033,0.293633420787582,,,,,
PWY-6404,6.21,0.101828463663413,0,0.000102637132518024,7.61260170724359e-05,0,0.293633420787582,,,,,
PWY-6948,6.21,0.101828463663413,0,1.37291069541408e-05,1.44999979533645e-05,0,0.293633420787582,,,,,
PWY0-41,6.20105263157895,0.102227931681603,0.000294775846758263,0.000958146944152828,0.000242910106365321,0.000452954675159856,0.293633420787582,,,,,
PWY-7377,6.16421052631578,0.10388867989172,0.000175147988830588,0.00126830349013268,0.000477394871160212,0.000428605563628066,0.296302220817934,,,,,
PWY-6969,6.14578947368422,0.104728716602147,0.00156651139652867,0.0035524337103491,0.00156017895563582,0.00224232200125542,0.296609302264821,,,,,
PWY-7094,6.05263157894737,0.109077473552678,0.000359304272399996,0.00147254932675758,0.000600089212680189,0.000562524129223251,0.299352761877111,,,,,
PWY-4722,6.04965517241379,0.109219226459605,0,6.72754492155963e-05,0,3.00699182136179e-05,0.299352761877111,,,,,
PWY-5183,6.04965517241379,0.109219226459605,0,2.66260432956875e-05,0,6.55677518573197e-06,0.299352761877111,,,,,
PYRIDNUCSYN-PWY,6.04894736842105,0.109252961916928,0.000896481039884878,0.00247958888388143,0.00121606228940749,0.00164693725994059,0.299352761877111,,,,,
PWY-5104,5.97789473684212,0.112690661021488,0.00138976610549106,0.00431029326240372,0.00257384635241369,0.00254786138639739,0.299352761877111,,,,,
PWY-6628,5.9642105263158,0.113364503209044,0.000596520204755936,0.00261897650892928,0.00109307528906657,0.00113581711936147,0.299352761877111,,,,,
PWY-6630,5.9642105263158,0.113364503209044,0.00059940808494239,0.00261305114186608,0.00108202402097433,0.00113355321012539,0.299352761877111,,,,,
NONOXIPENT-PWY,5.94315789473684,0.114408705229174,0.00478432426345513,0.00774562426825605,0.00400080976721362,0.00486996587778539,0.299352761877111,,,,,
LPSSYN-PWY,5.91111111111114,0.116015864608834,0,2.40210417034379e-05,0,0,0.299352761877111,,,,,
PWY-1361,5.91111111111114,0.116015864608834,0,8.27005772498464e-06,0,0,0.299352761877111,,,,,
PWY-1501,5.91111111111114,0.116015864608834,0,4.01397748345374e-06,0,0,0.299352761877111,,,,,
PWY-6957,5.91111111111114,0.116015864608834,0,1.32114338595194e-05,0,0,0.299352761877111,,,,,
PWY-7046,5.91111111111114,0.116015864608834,0,2.74924500401125e-06,0,0,0.299352761877111,,,,,
FAO-PWY,5.91052631578947,0.116045391641251,0.000368460849659514,0.00167594121748456,0.000611938393820704,0.000581433820002339,0.299352761877111,,,,,
P125-PWY,5.88526315789474,0.117327829902123,0.000689191231130072,0.000886167701326117,0.000394982418255384,0.00107438568146985,0.300745386774429,,,,,
PYRIDNUCSAL-PWY,5.82210526315789,0.120593349791634,0.00102177824145187,0.00214233778999913,0.00112381488994517,0.00143866404637859,0.307171740035294,,,,,
PWY-5677,5.80239852398523,0.121629884111194,1.18509143670859e-05,0.000220920661677426,6.72624105521245e-05,3.51047438387704e-05,0.307875644156461,,,,,
TCA,5.76210526315789,0.12377571515467,0.0017467134776919,0.00362568747393137,0.00143863472903719,0.00225110070611853,0.31136127104125,,,,,
PWY-1861,5.74473684210527,0.124711756054189,0.00119636140648266,0.00341612657520475,0.00127994875155925,0.00147395668480349,0.311779390135472,,,,,
PWY-7254,5.72736842105263,0.125654534864854,0.00107667532355627,0.00257792449769,0.00107314895527079,0.00171603006298343,0.312209120369729,,,,,
HOMOSER-METSYN-PWY,5.69105263157894,0.127647767383658,0.00271542270200399,0.00305926170042435,0.00135790634613976,0.00260765571417794,0.315227718234034,,,,,
COBALSYN-PWY,5.61999999999999,0.131634883276763,0.000331723016387008,0.00190960080763092,0.00086710590875156,0.000633665658770611,0.319658656690729,,,,,
P164-PWY,5.60017605633802,0.132768251179854,0.000516648811771029,0.00236552237853339,0.000939706703277039,0.00105796527448728,0.319658656690729,,,,,
PWY-5910,5.59631578947368,0.132990024738759,0.00832188658817515,0.00562562743829828,0.00525883646818839,0.00735672425237897,0.319658656690729,superpathway of geranylgeranyldiphosphate biosynthesis I (via mevalonate),MetaCyc pathway,verified,MetaCyc/BioCyc,Verified from MetaCyc/BioCyc.
PWY-5088,5.57529411764706,0.134203914606233,1.12925762980461e-05,8.73005848388766e-05,0,7.74875673962976e-05,0.319658656690729,,,,,
PENTOSE-P-PWY,5.55947368421053,0.135124391018295,0.00488643664509124,0.00573245918823204,0.00324553118014064,0.0044732310381149,0.319658656690729,,,,,
FUC-RHAMCAT-PWY,5.54947183098592,0.135709415181533,5.48826219774821e-05,0.000223009095448425,0.000157570193795211,0.000112246217226884,0.319658656690729,,,,,
PWY0-42,5.54894736842105,0.135740158063065,0.000243589606838974,0.00031575703472226,0.000159902873328092,0.000513097346982889,0.319658656690729,,,,,
PWY-7456,5.54867256637168,0.135756269014334,4.67868630457627e-05,0.000339122864703808,0.000295929011403146,0.00016845673977736,0.319658656690729,"beta-(1,4)-mannan degradation",MetaCyc pathway,verified,MetaCyc/BioCyc,Verified from MetaCyc-derived pathway pages for PWY-7456.
HEXITOLDEGSUPER-PWY,5.53421052631579,0.136606707362599,0.00197738211423422,0.00270639680564889,0.0011981982893401,0.00246289891908078,0.31980182937487,,,,,
PWY-7616,5.48526315789474,0.139522705452415,0.000363456928819353,0.000409138349202533,0.00019511579616649,0.000713439258977497,0.324751124759931,,,,,
P105-PWY,5.45894736842105,0.14111474192833,0.00133656859375658,0.00247103854724679,0.00103909573111245,0.00191703269058193,0.326579831319849,,,,,
GLYCOL-GLYOXDEG-PWY,5.42999999999999,0.14288585764634,0.000223589471820427,0.000385233492272758,0.000178595956217288,0.000191924684664769,0.328799842879361,,,,,
PWY-7237,5.40000000000001,0.144743579414855,0.000233416715835547,0.000880565385146454,0.000294722710064786,0.000322471107338626,0.329794177923417,,,,,
PWY-5180,5.36220368744513,0.147116632875447,4.04490285583101e-05,0.000390382561020384,0.000203416790478811,0.000183979332681422,0.329794177923417,,,,,
PWY-5182,5.36220368744513,0.147116632875447,4.04490285583101e-05,0.000390382561020384,0.000203416790478811,0.000183979332681422,0.329794177923417,,,,,
NONMEVIPP-PWY,5.3578947368421,0.147389496800342,0.0021789426398732,0.00383649243882396,0.00183730318416081,0.00214391751355109,0.329794177923417,,,,,
PWY-7560,5.3578947368421,0.147389496800342,0.0021789426398732,0.00383649243882396,0.00183730318416081,0.00214391751355109,0.329794177923417,,,,,
GLUTORN-PWY,5.33842105263159,0.148628645947245,0.00201314777856557,0.00264977027379272,0.00127732676525978,0.00171453368765321,0.330423677556735,,,,,
THISYN-PWY,5.3278947368421,0.14930255059971,0.000698620886989046,0.00217650116534725,0.00101824940599796,0.00109404570532936,0.330423677556735,,,,,
P163-PWY,5.29486725663716,0.151435793981807,5.43697182161364e-05,0.000256603979113804,4.6338111174722e-05,0.000132777150088636,0.333323350883868,,,,,
P621-PWY,5.27586206896551,0.152676355513133,0,2.6064501206358e-05,2.54019100358018e-05,0,0.333475842230604,,,,,
PWY-5840,5.25684210526316,0.153927483749048,0.00165068731902125,0.0024161482169728,0.00110193202316553,0.00194891484065745,0.333475842230604,,,,,
PWY-6263,5.24578947368421,0.154658961994367,3.80394942370335e-05,0.000541875488874168,0.000346560144182762,0.000162161602669671,0.333475842230604,,,,,
CATECHOL-ORTHO-CLEAVAGE-PWY,5.24368421052633,0.154798662566305,0.000216748311635608,0.000270592279655083,0.00010811734163864,0.000433430717040231,0.333475842230604,,,,,
PWY-5509,5.15105263157895,0.161064644150379,0.000281520720217943,0.00180089929821859,0.000824975118405787,0.000582889683115961,0.335351958888006,,,,,
PWY-6269,5.15105263157895,0.161064644150379,0.000281612789084746,0.00180516397240631,0.0008273029827312,0.000583298030990674,0.335351958888006,,,,,
CRNFORCAT-PWY,5.14014084507042,0.161818298090577,5.53175482343405e-05,0.000224988203275982,9.03576523141424e-05,7.62490017989279e-05,0.335351958888006,,,,,
METHGLYUT-PWY,5.11761363636364,0.163384718640158,1.25728490553557e-05,3.17393557213977e-05,3.33692399138386e-06,2.13584987568167e-05,0.335351958888006,,,,,
GOLPDLCAT-PWY,5.10684210526315,0.164138745349041,0.000196150354038173,0.000277510893628607,7.00894001523494e-05,0.000288571820173656,0.335351958888006,,,,,
PWY0-1533,5.08521126760564,0.165662841338258,0.000129562497166204,0.000415126984949869,0.00014367230379254,0.000112654775322377,0.335351958888006,,,,,
GLYCOLYSIS-E-D,5.05947368421052,0.16749363180306,0.00369227024189504,0.00376958972053143,0.00172869229361975,0.00329793211306183,0.335351958888006,Entner-Doudoroff pathway,MetaCyc pathway,verified,MetaCyc/BioCyc,Verified from MetaCyc-linked references for GLYCOLYSIS-E-D.
SALVADEHYPOX-PWY,5.0542105263158,0.167870350279786,0.000663637876356013,0.00163886712487345,0.000904066122470672,0.000707072746788776,0.335351958888006,,,,,
PWY490-3,5.05157894736841,0.168059007947643,0.000112781078556,0.00113254722091132,0.000489790426796416,0.000371194355440939,0.335351958888006,,,,,
PWY-5897,5.04842105263158,0.168285660108024,0.00153270560378579,0.00228499205121216,0.00102104664881807,0.00182329158299682,0.335351958888006,,,,,
PWY-5898,5.04842105263158,0.168285660108024,0.00153270560378579,0.00228499205121216,0.00102104664881807,0.00182329158299682,0.335351958888006,,,,,
PWY-5899,5.04842105263158,0.168285660108024,0.00153270560378579,0.00228499205121216,0.00102104664881807,0.00182329158299682,0.335351958888006,,,,,
RUMP-PWY,5.04368421052631,0.168626176884101,0.00109091004551107,0.0028555193450773,0.00136504134706636,0.00134702197843916,0.335351958888006,,,,,
MET-SAM-PWY,5.04315789473684,0.168664052012389,0.00456617105826176,0.00445364665905271,0.00240268051903246,0.00438449274726864,0.335351958888006,,,,,
PWY-6901,5.04210526315789,0.168739826245285,0.0042114969337764,0.004632684516227,0.00218796241626553,0.00344453949966452,0.335351958888006,,,,,
TEICHOICACID-PWY,5.03526315789473,0.169233138759366,0.00310650687332396,0.00301105655136144,0.00121372811101544,0.00172693209556513,0.335351958888006,teichoic acid (poly-glycerol) biosynthesis,MetaCyc pathway,verified,MetaCyc/BioCyc,Verified from MetaCyc-coded pathway tables in the literature.
FUCCAT-PWY,5.02816901408451,0.169746053264299,3.04453316779373e-05,0.000164633163653887,0.000127437848715782,6.36764078096467e-05,0.335351958888006,,,,,
ENTBACSYN-PWY,5.00346795434593,0.171543379701797,0.000138653357212619,0.000537699980387305,0.000152245230285489,0.000279220156507148,0.336541244565473,,,,,
TCA-GLYOX-BYPASS,4.96473684210525,0.174397571923682,0.000818253350712002,0.00161783118665294,0.000675801921398144,0.00124617958310667,0.336541244565473,,,,,
PWY-5121,4.96421052631578,0.174436662431177,0.00277468212107115,0.00440854284534532,0.00236930938423613,0.00278339187527816,0.336541244565473,,,,,
PWY-7392,4.95368421052632,0.175220199864541,0.00260161981960767,0.00411460975744386,0.00223078409021943,0.00261870739184645,0.336541244565473,,,,,
PWY-6185,4.94360795454546,0.175973326256499,1.61982653387077e-05,9.28031363127572e-05,4.08105590237581e-05,2.19983523565781e-05,0.336541244565473,,,,,
PWY0-321,4.94360795454546,0.175973326256499,2.50220254669839e-05,0.000147010220449173,6.11898320946637e-05,3.72337540637778e-05,0.336541244565473,,,,,
GLUCUROCAT-PWY,4.94105263157894,0.176164799624396,0.000446830692633047,0.00132434038266244,0.000645257482978681,0.000562831202045501,0.336541244565473,,,,,
PWY-6107,4.83941176470588,0.18394101720374,6.43925071264411e-06,7.42706478950136e-05,2.34250141700096e-05,7.45633167432267e-06,0.348553654947296,,,,,
PWY-7315,4.83642857142857,0.184174030021534,2.27110242838187e-05,0.000181365906035277,0.000160447275580708,8.43775057256966e-05,0.348553654947296,,,,,
AST-PWY,4.82152173913043,0.185342519567337,0,1.21754774449514e-05,2.82296797247555e-05,1.22102042732303e-05,0.34913358337103,L-arginine degradation II (AST pathway),MetaCyc pathway,verified,MetaCyc/BioCyc,Verified from MetaCyc-linked pathway pages for AST-PWY.
PWY-6353,4.75947368421052,0.190281014148966,0.000894988882343421,0.00205666766410823,0.00116985984628024,0.00101827547944617,0.356776901529311,,,,,
PWY-7003,4.74842105263158,0.191173490434887,0.000234370520306637,0.00118377291023617,0.000347790421196597,0.000585196879601513,0.356798449889996,,,,,
PWY-6992,4.72577319587629,0.193014461601323,1.83061686696252e-05,5.85183883139744e-05,0,1.31928731006654e-05,0.358581912607963,,,,,
PWY-7431,4.71426690079017,0.193956087690087,0.000135307541525327,0.000939740868774338,0.000253510078512509,0.000173079153205866,0.358685915591258,,,,,
GLYOXYLATE-BYPASS,4.67999999999999,0.196785749822121,0.000545345829748818,0.00112346306395308,0.000454825103712592,0.000879633885870985,0.362264675808904,,,,,
PWY-6397,4.62473684210526,0.201430272473717,6.1836291700187e-05,0.000182461295390077,0.000100161285359855,5.42487359516274e-05,0.369136924669029,,,,,
GLYCOLYSIS-TCA-GLYOX-BYPASS,4.60947368421053,0.20273088589002,0.00144765162588805,0.0023266353924241,0.00104947337667649,0.00198142026677611,0.369846886420982,,,,,
ARGDEG-PWY,4.57407407407406,0.20577745260899,0,0,0,9.82797933853963e-06,0.370399414696181,"superpathway of L-arginine, putrescine, and 4-aminobutanoate degradation",MetaCyc pathway,verified,MetaCyc/BioCyc,Verified from MetaCyc page for ARGDEG-PWY.
ORNARGDEG-PWY,4.57407407407406,0.20577745260899,0,0,0,9.82797933853963e-06,0.370399414696181,superpathway of L-arginine and L-ornithine degradation,MetaCyc pathway,verified,MetaCyc/BioCyc,Verified from MetaCyc/BioCyc page for ORNARGDEG-PWY.
ORNDEG-PWY,4.57407407407406,0.20577745260899,0,0,0,9.53281751447158e-06,0.370399414696181,superpathway of ornithine degradation,MetaCyc pathway,verified,MetaCyc/BioCyc,Verified from MetaCyc-derived pathway pages for ORNDEG-PWY.
PWY-3661,4.56066371681416,0.206942630734844,0.000139611083324275,0.000281905964248238,2.78336298061746e-05,0.00014398578507445,0.370711423001031,,,,,
PWY-6588,4.55105263157895,0.207781464249961,0.000116683916901776,0.000702687883841352,0.000205657482659921,0.000339142942068157,0.370711423001031,,,,,
PWY-5695,4.52526315789473,0.210047910462511,0.00210361266350396,0.00380987331171513,0.00201449122231351,0.00285645072639934,0.373111419900513,,,,,
PWY-6876,4.50339366515837,0.211987779852721,2.30799234940447e-05,0.000214528554870993,5.51126554101082e-05,1.74914735238263e-05,0.373920596878681,,,,,
KDO-NAGLIPASYN-PWY,4.49147727272727,0.213051756153834,9.103275676132e-06,5.83371399933518e-05,3.50530425794584e-05,7.40071550605495e-05,0.373920596878681,,,,,
ARGORNPROST-PWY,4.48789473684211,0.213372594079754,0.00113063468571412,0.00185944669672694,0.000777115884323968,0.00114070439021101,0.373920596878681,,,,,
P101-PWY,4.46602282704126,0.215341070251436,4.30481685851463e-05,0.000183610331182792,4.84822477822022e-05,7.22869770048502e-05,0.373920596878681,,,,,
PWY-922,4.44368421052631,0.217368869849026,0.00740644907864232,0.00502555701110295,0.00443336406150484,0.00646211867856139,0.373920596878681,mevalonate pathway I (eukaryotes and bacteria),MetaCyc pathway,verified,MetaCyc/BioCyc,Verified from MetaCyc/BioCyc.
PWY-5181,4.43565340909091,0.218102171315359,2.51147346517039e-05,0.000137056248387063,5.80787675117676e-05,3.4705195364485e-05,0.373920596878681,,,,,
DTDPRHAMSYN-PWY,4.43421052631579,0.21823416445518,0.00294226567197486,0.00320428952493624,0.00165894876773574,0.00229055052887222,0.373920596878681,,,,,
PWY-6895,4.43263157894737,0.218378689151427,0.000575975359406857,0.0014099997202495,0.000822241701882482,0.000942233159671157,0.373920596878681,,,,,
PWY-6608,4.42789473684211,0.218812793729006,0.000917616505109064,0.002326125675732,0.00108608733917635,0.0011243652315217,0.373920596878681,,,,,
PWY-5419,4.40724431818181,0.220714609943206,7.85161732908175e-06,9.41763269643818e-05,9.01426145688745e-06,3.82706792275109e-05,0.375585785827724,,,,,
PWY1G-0,4.38684210526316,0.222608535199588,0.000366113406700405,0.000501606852273605,0.000225958261424184,0.000594974435889741,0.377223668434448,,,,,
PWY-6396,4.35526315789474,0.22556955236596,0.00121878822352168,0.00107647295399967,0.000369452013461147,0.000990475963361131,0.380155300141965,,,,,
PWY-5505,4.34842105263158,0.226215869961021,0.000413471669537431,0.00157253640198495,0.000820884242763641,0.000720147712563896,0.380155300141965,,,,,
PWY-7373,4.32880434782608,0.228078362890443,1.96177924123886e-06,1.13960683729407e-05,0,0,0.381701392440617,,,,,
PWY-5430,4.28152173913043,0.232625697266802,1.03227098203947e-05,8.24169821566861e-05,1.16553885891792e-05,1.42746575103498e-05,0.3867232379571,,,,,
PWY-6478,4.27778280542986,0.232988814966747,1.84218955923693e-05,0.000193847670629682,0.000112443130813489,3.48227838241648e-05,0.3867232379571,,,,,
PWY-5420,4.25383522727272,0.235326925003543,1.01294856313763e-05,0.000119467765306796,1.43247981531318e-05,4.25761884951533e-05,0.389009814801776,,,,,
NAD-BIOSYNTHESIS-II,4.2116814159292,0.239494953216303,3.06690545314397e-05,0.000102196178643607,3.7703121584796e-05,3.90839988722698e-05,0.394290471758548,,,,,
P108-PWY,4.19578947368421,0.241083776929144,0.000543021922212157,0.00192609938139,0.00100766376682944,0.000901064191590713,0.394900316302677,,,,,
P562-PWY,4.16736842105263,0.243949298890217,0.000162962393768098,0.00034246916754686,0.000162595996492494,0.000201801316953155,0.394900316302677,,,,,
PWY-5415,4.15430201931518,0.245277129877578,2.87215664882107e-05,0.00024656961476999,0.000104251050245912,8.88231159848447e-05,0.394900316302677,,,,,
PWY-6737,4.15421052631578,0.245286450808414,0.00253351548991535,0.00346810636487288,0.00192311592573775,0.00231711999761297,0.394900316302677,,,,,
PWY-5837,4.15000000000001,0.24571575236611,0.000820958638266225,0.00148443001308484,0.000542255201278025,0.00105499856570181,0.394900316302677,,,,,
PWY-5863,4.15000000000001,0.24571575236611,0.000928162837530033,0.00161986612522471,0.000610047290459598,0.00118578643343507,0.394900316302677,,,,,
PWY-7200,4.11210526315789,0.249610466752029,0.00454268536092774,0.0055922696453553,0.00453238521005243,0.00589393693967767,0.399574067330322,,,,,
PWY-7255,4.06154867256637,0.254894225516399,1.41291431713929e-05,8.39368616039326e-05,8.10062348407624e-05,4.31709412879748e-05,0.406425832024179,,,,,
PWY-5676,3.92410008779631,0.269777446685098,0.000102712596740052,0.000820492810299299,0.000283839394633404,0.000307426323014594,0.428470062382215,,,,,
POLYAMINSYN3-PWY,3.89366197183099,0.273178027505485,3.82638555606097e-05,0.000453628131642409,0.000223235605053971,0.000216912907507538,0.431108119211759,,,,,
PWY-6071,3.89019886363636,0.273567374413388,2.0816402839663e-05,9.07415091642648e-05,3.00998038955169e-05,3.01846636899804e-05,0.431108119211759,,,,,
PWY-5531,3.85948905109489,0.27704197145769,0,6.4787892434289e-05,4.1159450587437e-05,4.15918539311748e-05,0.431879551581991,,,,,
PWY-7159,3.85948905109489,0.27704197145769,0,6.4787892434289e-05,4.1159450587437e-05,4.15918539311748e-05,0.431879551581991,,,,,
P261-PWY,3.85760869565218,0.277256008423006,0,5.02801641223589e-06,0,8.27503262111051e-07,0.431879551581991,,,,,
P162-PWY,3.83966789667897,0.279305682497674,2.26723454131255e-05,0.000206267798665894,0.000177845406105633,5.21149202663905e-05,0.432999533224257,,,,,
GLYCOCAT-PWY,3.83263157894737,0.280113278283346,0.00253822830527666,0.00353870208145658,0.00189519377223549,0.00235679684952618,0.432999533224257,,,,,
PROTOCATECHUATE-ORTHO-CLEAVAGE-PWY,3.81947368421053,0.281629125711106,0.000441097758003069,0.000679348808518499,0.000304199273593285,0.000768345925004966,0.433687436931552,,,,,
PWY-6470,3.77526315789473,0.286776581374956,0.00338599575173842,0.00344108721432541,0.00201444597080321,0.00384508368796198,0.43843315620548,,,,,
PWY-5675,3.75,0.289755781193383,4.99055528117439e-06,0,0,0,0.43843315620548,nitrate reduction V (assimilatory),MetaCyc pathway,verified,MetaCyc/BioCyc,Verified from MetaCyc/BioCyc page for PWY-5675.
VALDEG-PWY,3.75,0.289755781193383,0,0,2.83612988458017e-05,0,0.43843315620548,L-valine degradation I,MetaCyc pathway,verified,MetaCyc/BioCyc,Verified from MetaCyc-derived pathway pages for VALDEG-PWY.
PWY-7007,3.74894736842105,0.289880514878101,0.00030059317454832,0.000658806798881558,0.000299911885287921,0.000429223811997549,0.43843315620548,,,,,
PWY-5198,3.74689655172414,0.290123668797701,0,4.76443793064241e-05,0,2.55119592360405e-06,0.43843315620548,,,,,
PWY-7090,3.73559718969555,0.291466653187057,6.54950602106362e-06,3.98963380773586e-05,0,1.20722024611514e-05,0.43882525851583,,,,,
PWY-5507,3.64806338028169,0.302060393899543,0.000166693885545249,0.000671109659369623,0.000331577959857582,0.000333381494925113,0.453090590849315,,,,,
P381-PWY,3.61593503072871,0.306034088554121,0.0002015246330951,0.000657457592706926,0.00034392003849674,0.000287849831448155,0.455675756854482,,,,,
PWY-7376,3.61593503072871,0.306034088554121,0.000180482816319781,0.000613259421846629,0.000277117618720298,0.000217374952213333,0.455675756854482,,,,,
FERMENTATION-PWY,3.59052631578948,0.309209560461612,0.00321447897216204,0.00412436567821085,0.00216084046553673,0.00301739028524319,0.458717479805688,,,,,
PWY-6383,3.49105263157895,0.321924419913409,0.000702535129486782,0.000865714838630087,0.000444624369257416,0.00108804700637735,0.472416929560361,,,,,
LIPASYN-PWY,3.48195652173913,0.323109850588198,0,4.99477011649348e-06,0,4.31803686168575e-07,0.472416929560361,,,,,
PWY-7198,3.48195652173913,0.323109850588198,0,8.65505389588051e-06,0,4.15719406096902e-06,0.472416929560361,,,,,
PWY-7210,3.48195652173913,0.323109850588198,0,1.2348148413012e-05,0,5.93090018585621e-06,0.472416929560361,,,,,
PRPP-PWY,3.43947368421053,0.328697440629356,0.00436248079507186,0.00488369876185623,0.00352052102606957,0.00532920010730634,0.478501249974859,,,,,
P341-PWY,3.43241379310345,0.329634194427125,0,3.99827566016774e-06,0,9.05247324100859e-06,0.478501249974859,,,,,
PYRIDOXSYN-PWY,3.42017045454546,0.331264287725212,4.49964548553918e-05,0.000365990740607342,0.000275711404174453,0.000131254130422255,0.479150130459681,,,,,
PWY-5920,3.32041264266901,0.344811674940324,0.000202693670871895,0.000694237528431679,0.000283758929135154,0.000309746346271622,0.49697056352609,,,,,
COLANSYN-PWY,3.24842105263158,0.354886230714577,0.000345609228831364,0.0012319346523455,0.000949328431967423,0.000656414893116302,0.509677033473062,,,,,
PWY0-845,3.18039772727273,0.364638917359006,9.34576025340173e-05,0.000641745236969814,0.00043775717010637,0.000220277224382077,0.521833079612711,,,,,
PWY-5941,3.14869565217391,0.369262537497385,3.74082325170907e-05,6.21072385345266e-05,2.18640850629214e-05,2.16660795110976e-05,0.526589181994511,,,,,
GLYCOGENSYNTH-PWY,3.12526315789474,0.372712375042555,0.00298043145897796,0.00422478572036536,0.00220783177224977,0.00320887902460805,0.529643901376262,,,,,
PWY-5265,3.11022827041264,0.374940404739414,0.00121168342090301,0.00278212491032602,0.00126270422445647,0.00160230424756774,0.530947076641478,,,,,
GALACTUROCAT-PWY,3.07473684210527,0.380245150017201,0.000253370828647067,0.000894864178412631,0.000881045899055694,0.000470591995516845,0.536582877201973,,,,,
BIOTIN-BIOSYNTHESIS-PWY,3.05704225352112,0.382913726613843,0.000108859348733605,0.00047981314344309,0.000450700454172794,0.000197278991226729,0.538472428050717,,,,,
PWY-6562,3.03274647887324,0.386603818236626,3.2644625969294e-05,0.000145745286503726,6.88660316695797e-05,8.45351222557345e-05,0.541780437321223,,,,,
PWY-4361,3.02212467076383,0.388226550262549,1.60925536517135e-05,0.000107005214266644,5.52031528652299e-05,6.84399390270136e-05,0.542178458125284,S-methyl-5-thio-alpha-D-ribose 1-phosphate degradation I,MetaCyc pathway,verified,MetaCyc/BioCyc,Verified from MetaCyc/BioCyc.
PWY-7323,3.00684210526315,0.390571460743731,0.000305184025857874,0.00118603814008945,0.000811953923935995,0.000596731524067174,0.543578837117564,,,,,
1CMET2-PWY,2.97526315789473,0.395454856335308,0.00370741511493756,0.00461565536769147,0.00296471162811253,0.003222392247473,0.54611848788146,,,,,
CODH-PWY,2.96410714285714,0.397192319250117,1.60415615077607e-05,8.51467657829845e-05,4.1010467736523e-05,1.78061417510911e-05,0.54611848788146,,,,,
PWY-5654,2.92823529411764,0.402822742775273,4.35183484235774e-06,3.49367682647146e-05,5.2517067301149e-06,2.0027270398295e-05,0.54611848788146,,,,,
FASYN-INITIAL-PWY,2.92532923617209,0.403281800031714,0.000245871456049677,0.000694127782579277,0.000414412553585509,0.000261851876918329,0.54611848788146,,,,,
PWY-5971,2.92532923617209,0.403281800031714,0.000463959466652658,0.00118880147961083,0.000780694272848455,0.000491304236955577,0.54611848788146,,,,,
PWY-5989,2.92532923617209,0.403281800031714,0.000283381101447303,0.000796662453353099,0.000478245975110909,0.000304178229298322,0.54611848788146,,,,,
PWY-6282,2.92532923617209,0.403281800031714,0.000292139942864372,0.000814069444391677,0.000492184240649185,0.000310707413993282,0.54611848788146,,,,,
PWYG-321,2.92532923617209,0.403281800031714,0.000349394689303702,0.000956178062636041,0.000587271818917342,0.000371301980796703,0.54611848788146,,,,,
PWY-7664,2.91742756804215,0.404532213245526,0.000352908143670052,0.000939603967127137,0.000582110927992373,0.000377499944921162,0.54611848788146,,,,,
OANTIGEN-PWY,2.90368421052632,0.406714801768238,0.0048870321695734,0.00461939138701967,0.00310290710129752,0.00410826545317837,0.5465164504329,,,,,
GALACT-GLUCUROCAT-PWY,2.89631578947368,0.407889040896002,0.000214756321476552,0.000584290405319469,0.00055652302678059,0.000391382906982776,0.5465164504329,,,,,
PWY-7527,2.89014084507043,0.408875270323873,2.48426919396259e-05,0.000162935211818726,7.98445362804461e-05,9.81891939300306e-05,0.5465164504329,,,,,
3-HYDROXYPHENYLACETATE-DEGRADATION-PWY,2.86815384615385,0.41240311509959,2.78587032167451e-05,8.28927539901107e-05,2.96530457101131e-05,2.71445746826435e-05,0.549418623734651,,,,,
CENTBENZCOA-PWY,2.79999999999996,0.423499917055465,0,2.52946393322556e-06,0,0,0.553282149701495,,,,,
PWY-1422,2.79999999999996,0.423499917055465,0,9.53195836066222e-06,0,0,0.553282149701495,,,,,
PWY-6143,2.79999999999996,0.423499917055465,0,1.21046745934223e-06,0,0,0.553282149701495,,,,,
PWY-7084,2.79999999999996,0.423499917055465,0,2.90293212168291e-06,0,0,0.553282149701495,,,,,
PWY-722,2.79999999999996,0.423499917055465,0,1.40964959590934e-06,0,0,0.553282149701495,,,,,
PWY-7295,2.79999999999996,0.423499917055465,0,6.1237454652958e-06,0,0,0.553282149701495,,,,,
PWY-6507,2.78526315789474,0.425931612768072,0.000544451298196991,0.000826109342297509,0.000674544313547837,0.000787419210829622,0.554669785115978,,,,,
PWY-5659,2.77,0.428462290874969,0.00245781324310094,0.00309429485753793,0.00163792185455449,0.00262995586137526,0.556177012193469,,,,,
PWY0-1277,2.73661538461539,0.434040712844241,9.14827449878595e-06,5.28050558835098e-05,5.11068888909298e-05,1.50432501881418e-05,0.561618174766509,,,,,
PWY-7328,2.71736842105263,0.437283777952849,0.00066201363985999,0.0017927812484182,0.000660077363717363,0.00112274497993037,0.561653166775563,,,,,
LEU-DEG2-PWY,2.71514486391571,0.43765971586693,0.000128785485723669,0.000417795087591989,0.000156070776061426,0.000169020496467784,0.561653166775563,,,,,
PWY0-1479,2.71178571428572,0.438228149879204,0.000162492911094816,0.000552620700492664,0.000318565937538764,0.000294551758115302,0.561653166775563,,,,,
PPGPPMET-PWY,2.69407374890254,0.441235338292676,0.000120632923647468,0.000369204626784901,0.000135564463576105,0.000151347804643837,0.562503794870763,,,,,
P221-PWY,2.67998244073749,0.443639794381712,6.72650498730722e-05,0.000307633518608343,0.000116321786191171,0.00011443503459977,0.562503794870763,,,,,
PWY-6174,2.67620689655173,0.444285837827073,1.6568195387568e-06,7.77477288511489e-06,0,1.00315099792788e-06,0.562503794870763,,,,,
PWY-5913,2.67526315789473,0.44444744286085,0.00164675663096831,0.00222624394700482,0.00114057254461047,0.00132654795262831,0.562503794870763,,,,,
GLUCONEO-PWY,2.65631578947369,0.447702084960993,0.00766119038056214,0.00630311766198021,0.00465885391396266,0.00626939104731335,0.56355195121931,,,,,
HCAMHPDEG-PWY,2.64184615384615,0.450200558477531,3.91177795227239e-06,1.70168237028369e-05,2.51190057648232e-05,6.36338816421391e-06,0.56355195121931,,,,,
PWY-6690,2.64184615384615,0.450200558477531,3.91177795227239e-06,1.70168237028369e-05,2.51190057648232e-05,6.36338816421391e-06,0.56355195121931,,,,,
PWY-6906,2.63814432989692,0.450841560975448,1.86685054045766e-05,2.06529290766466e-05,0,2.21342335521574e-05,0.56355195121931,,,,,
PWY0-1415,2.62,0.453994072093945,0.000262034580858715,0.000647485962874012,0.00023912367520301,0.000328033904229109,0.565295066366747,,,,,
PWY-6629,2.60608695652173,0.456423423955373,0,5.74090889570987e-05,0,4.22309977341267e-05,0.565295066366747,,,,,
PWY-7446,2.60608695652173,0.456423423955373,0,5.1122636101155e-06,0,4.49281794846639e-06,0.565295066366747,,,,,
PWY-1882,2.58827586206898,0.459548647987474,1.01587542849001e-05,6.31147642041506e-05,0,1.51799212745591e-05,0.567430495228436,,,,,
ASPASN-PWY,2.56736842105263,0.463239023848278,0.00213373167645831,0.00419136782776141,0.00299438978253184,0.00244080096608752,0.570248646378579,,,,,
PWY-5028,2.53941176470589,0.468210581597629,1.16130296521434e-05,7.33458399118812e-05,3.52564470290294e-05,2.17680990970263e-05,0.574622077415272,,,,,
P241-PWY,2.51282608695652,0.472977581117644,7.14147809344474e-06,1.90272343894391e-05,1.21547821768971e-05,1.69401663844691e-06,0.578718792606181,,,,,
PWY-5532,2.46666666666669,0.481345293629209,0,4.17913054748341e-06,1.40502450044214e-05,0,0.58468551075717,,,,,
PWY-7347,2.46206896551724,0.482185087883691,0,1.94104013016658e-05,1.15678760046114e-05,1.5225196494929e-06,0.58468551075717,,,,,
SUCSYN-PWY,2.46206896551724,0.482185087883691,0,5.82803409212636e-05,3.56761338075468e-05,5.0387840440625e-06,0.58468551075717,,,,,
PWY0-1261,2.42894736842105,0.488268827493781,0.00101845944467434,0.00251017874403097,0.00160368030271338,0.00154339596436522,0.589580127158282,,,,,
PWY-6519,2.41531690140845,0.490789755311324,9.74693496038746e-05,0.000419644896769686,0.000405937753849671,0.000171678161307391,0.589580127158282,,,,,
GALLATE-DEGRADATION-II-PWY,2.41469072164948,0.490905808368793,0,3.58529102614875e-05,1.4759696904439e-05,3.5209653292548e-06,0.589580127158282,,,,,
PWY-5741,2.4085520361991,0.492044649332097,6.19945190179271e-05,0.000205519742858661,5.46819498038533e-05,6.76411216565922e-05,0.589580127158282,,,,,
PWY-5529,2.3611111111111,0.500914827179284,0,4.91673030214744e-05,2.29996372057431e-05,0,0.596677955904735,,,,,
PWY-6944,2.3611111111111,0.500914827179284,0,1.56384062803384e-05,6.87340824246436e-06,0,0.596677955904735,,,,,
PWY-7211,2.32631578947368,0.507498254934615,0.00303221348120934,0.0038608965450146,0.00256877647921781,0.00416464660729888,0.597562304632862,,,,,
PWY-181,2.28783185840708,0.514856007131943,0.000322161303014519,0.00107426765549486,0.000620316234445366,0.00028893755808132,0.597562304632862,,,,,
PWY-5855,2.28315789473684,0.515755083558974,0.000128017027758261,0.000546975418469558,0.000243181072038846,0.000230019347134368,0.597562304632862,,,,,
PWY-5856,2.28315789473684,0.515755083558974,0.000128017027758261,0.000546975418469558,0.000243181072038846,0.000230019347134368,0.597562304632862,,,,,
PWY-5857,2.28315789473684,0.515755083558974,0.000128017027758261,0.000546975418469558,0.000243181072038846,0.000230019347134368,0.597562304632862,,,,,
PWY-6708,2.28315789473684,0.515755083558974,0.000128017027758261,0.000546975418469558,0.000243181072038846,0.000230019347134368,0.597562304632862,,,,,
TYRFUMCAT-PWY,2.24841966637402,0.522474278438396,8.6303116501327e-05,0.000270069605254351,0.000105758518433921,0.00013341753185353,0.597562304632862,,,,,
GALACTARDEG-PWY,2.23107692307692,0.525853153867786,5.92348514373428e-06,7.67187498627702e-05,3.89977619638919e-05,1.37317574097126e-05,0.597562304632862,,,,,
GLUCARGALACTSUPER-PWY,2.23107692307692,0.525853153867786,5.92348514373428e-06,7.67187498627702e-05,3.89977619638919e-05,1.37317574097126e-05,0.597562304632862,,,,,
PWY-6182,2.22384955752212,0.527266042203457,5.9631301498329e-05,0.000162724461223059,7.52798081289713e-05,6.89241938364492e-05,0.597562304632862,,,,,
METHANOGENESIS-PWY,2.16666666666669,0.538543805409859,0,0,0,3.15653257898545e-07,0.597562304632862,methanogenesis,MetaCyc pathway,verified,MetaCyc/BioCyc,Verified from MetaCyc-coded pathway usage in the literature.
PWY-5392,2.16666666666669,0.538543805409859,0,0,0,1.47692616833766e-05,0.597562304632862,reductive TCA cycle II,MetaCyc pathway,verified,MetaCyc/BioCyc,Verified from MetaCyc/BioCyc pages for PWY-5392.
PWY-6141,2.16666666666669,0.538543805409859,0,0,0,2.25216016136744e-07,0.597562304632862,,,,,
PWY-6148,2.16666666666669,0.538543805409859,0,0,0,1.23828153222413e-06,0.597562304632862,,,,,
PWY-6167,2.16666666666669,0.538543805409859,0,0,0,6.47561417765863e-07,0.597562304632862,,,,,
PWY-622,2.16666666666669,0.538543805409859,0,0,0,1.98823903503264e-05,0.597562304632862,,,,,
PWY-6349,2.16666666666669,0.538543805409859,0,0,0,2.55340451416181e-07,0.597562304632862,,,,,
PWY-6350,2.16666666666669,0.538543805409859,0,0,0,2.40338434486453e-07,0.597562304632862,,,,,
PWY-6565,2.16666666666669,0.538543805409859,0,0,0,3.31586361841254e-06,0.597562304632862,superpathway of polyamine biosynthesis III,MetaCyc pathway,verified,MetaCyc/BioCyc,Verified from MetaCyc/BioCyc pages for PWY-6565.
PWY-6654,2.16666666666669,0.538543805409859,0,0,0,7.77424462314236e-07,0.597562304632862,,,,,
PWY-7286,2.16666666666669,0.538543805409859,0,0,0,2.59464085307407e-07,0.597562304632862,,,,,
DHGLUCONATE-PYR-CAT-PWY,2.16666666666666,0.538543805409863,0,0,1.58312716937738e-05,1.96260771447334e-06,0.597562304632862,,,,,
PWY-6338,2.16666666666666,0.538543805409863,0,0,5.59454624636934e-06,4.55063562568347e-07,0.597562304632862,,,,,
PWY-7097,2.16666666666666,0.538543805409863,0,0,5.59454624636934e-06,4.55063562568347e-07,0.597562304632862,,,,,
PWY-7098,2.16666666666666,0.538543805409863,0,0,6.16901935984308e-06,4.75379699444965e-07,0.597562304632862,,,,,
PWY-5154,2.08421052631579,0.555113680184178,0.000780718524388917,0.00156099480608165,0.000951239985707949,0.00134605747186805,0.614008402292691,,,,,
UBISYN-PWY,2.0778947368421,0.556397737386216,0.000117935416340429,0.000521727176566703,0.000232046549971959,0.000205262032304672,0.614008402292691,,,,,
PWY-5417,2.00508849557522,0.571351240190761,5.37869190361753e-05,0.000150807147549435,7.49081213642054e-05,6.6268490638134e-05,0.627092824599616,,,,,
PWY-5431,2.00508849557522,0.571351240190761,5.37869190361753e-05,0.000150807147549435,7.49081213642054e-05,6.6268490638134e-05,0.627092824599616,,,,,
PWY-1622,1.91934782608695,0.589313916329571,2.63228892805584e-05,0.000298223653824963,4.39673531301532e-05,8.87861960165741e-05,0.645059827333719,,,,,
PWY-5647,1.898,0.593844619936967,4.26573739044059e-06,3.46287648417697e-05,5.81455600642078e-06,2.06377744469644e-05,0.648267037936582,,,,,
CHLOROPHYLL-SYN,1.81344827586207,0.612012822162942,0,3.84175582403676e-05,1.62882426542382e-05,4.15918539311748e-05,0.666304282193525,,,,,
GLUCARDEG-PWY,1.79641592920355,0.615715180220315,2.54041755942448e-05,8.80589377019861e-05,7.90704038844463e-05,2.34778031566672e-05,0.668537930266025,,,,,
P281-PWY,1.74176136363636,0.627689545683468,1.68326197405887e-05,8.14071969742821e-05,3.73405119102944e-05,3.13905488805129e-05,0.679717288774879,,,,,
NADSYN-PWY,1.60261538461538,0.65879694427408,1.38653592804904e-05,0.000109173634917594,3.52548563704351e-05,6.66438656662145e-05,0.709608410720751,,,,,
PWY-5651,1.60261538461538,0.65879694427408,8.78894659669798e-06,7.08072042032356e-05,2.26104602326885e-05,4.31718878531479e-05,0.709608410720751,,,,,
PWY-7644,1.54074074074076,0.672899807213686,0,3.72262492008469e-06,0,3.17836558989529e-06,0.722876450720273,,,,,
ECASYN-PWY,1.51241379310346,0.679408211401214,1.09618340498833e-07,1.05352045997848e-05,0,8.03606029441565e-06,0.727937369358443,,,,,
THREOCAT-PWY,1.49882352941176,0.682541885749448,1.48306164312055e-05,1.44390979046686e-05,5.42180998683183e-05,3.83935908437361e-05,0.729365339653104,,,,,
KETOGLUCONMET-PWY,1.46089285714286,0.691325196996697,4.29295438651061e-05,8.21499934579899e-05,2.82828367699146e-05,5.17032262995146e-05,0.736807117851743,,,,,
PWY-1269,1.43052631578947,0.698395051609505,0.000146387217013818,0.000612890313920822,0.000372707269338213,0.000221542744907448,0.741812840509928,,,,,
PWY-5655,1.425,0.699685197715537,6.80072300074668e-06,4.68126021769983e-05,1.15654999171077e-05,2.39316637484318e-05,0.741812840509928,,,,,
PWY0-1338,1.39137931034483,0.707556707362185,0,6.22544372912114e-06,2.15973251898264e-05,4.40717502540785e-06,0.748199651388211,,,,,
RHAMCAT-PWY,1.34105263157895,0.719408567872954,0.000716251569030888,0.000954229141245809,0.000941038610371848,0.000872925812455477,0.758751223928506,,,,,
PWY-3801,1.16641304347825,0.761070600972647,0,7.91032478042465e-05,0.000147778373347121,3.80909031499535e-05,0.800606736088109,,,,,
TRNA-CHARGING-PWY,1.13578947368421,0.768442134617149,0.00770607568762318,0.00719568193174641,0.00568367268963156,0.00730081991285437,0.806267006528355,,,,,
CALVIN-PWY,1.10421052631578,0.776057744262213,0.00797825556374591,0.00829643173045318,0.00658653894796196,0.00812214932855268,0.812049571783429,,,,,
NAGLIPASYN-PWY,1.09631578947368,0.777963540375235,0.000157238108296936,0.000652799169543657,0.000393622844894999,0.000244548481251006,0.812049571783429,,,,,
PWY0-862,1.04736842105263,0.789792279166518,0.000560034489649999,0.000985443262092462,0.000583113669483769,0.00051081566233255,0.822277308643804,,,,,
PWY-6467,1.02526315789473,0.795139333341669,0.000167292323096898,0.000656613995290947,0.000366785881105291,0.000237641914512933,0.825721615393272,,,,,
PWY-6210,0.970760869565203,0.80832645895782,0,4.18741102138621e-06,1.44424675716441e-06,1.31114088449475e-06,0.837269094316924,,,,,
PWY-5838,0.935263157894738,0.816910724460209,0.000692298076587968,0.00111028308631116,0.000910545741658227,0.000995267173609929,0.844002151546899,,,,,
PWY-6572,0.918586956521727,0.820940189279258,0,1.45644433410716e-05,5.84282363601401e-06,2.48325290763767e-05,0.846007065287785,,,,,
PWY-1541,0.909782608695655,0.823066421581985,1.39210462960252e-05,9.1477568566366e-05,4.17133201071131e-05,2.74824787772433e-05,0.846045433352041,,,,,
DENITRIFICATION-PWY,0.807058823529417,0.847777921576113,2.32550215270265e-05,0.000114782535666633,1.37796617128567e-05,3.12256628386644e-05,0.869240653767913,,,,,
PWY-6505,0.678092783505158,0.878344246746816,7.1871280881561e-06,1.36532832059116e-05,3.91837799704965e-06,1.03183294427864e-05,0.898306615991061,,,,,
PWY-6641,0.641451990632312,0.886880709473961,4.68841125780515e-06,3.98270559945084e-05,2.55229592835606e-05,7.87740947077384e-06,0.904752361050262,,,,,
GALLATE-DEGRADATION-I-PWY,0.55011709601873,0.907750733025708,3.95291664847495e-06,3.58529102614875e-05,1.4759696904439e-05,3.5209653292548e-06,0.921401119988501,,,,,
METHYLGALLATE-DEGRADATION-PWY,0.55011709601873,0.907750733025708,4.93930449043829e-06,4.46920525431754e-05,1.84257861253617e-05,4.40033025467355e-06,0.921401119988501,,,,,
PWY-5861,0.5278947368421,0.912721685383041,0.000552980617731222,0.000884049761093231,0.00082847057199683,0.000862830689994467,0.924130706450329,,,,,
PWY0-1241,0.469473684210527,0.925544864451284,0.000114706262584141,0.000378708141404353,0.00017532462674164,0.000114258007515126,0.934777232176484,,,,,
PWY-7391,0.455281690140848,0.92860007109381,6.22034361787765e-05,7.40019466857915e-05,6.99182896041654e-05,6.27419012150396e-05,0.93552992237063,,,,,
PWY-5177,0.35933628318584,0.948508419858935,9.65955693356261e-05,0.000230603640116016,0.000232233125381744,0.000111327016504962,0.953215657674612,,,,,
P184-PWY,0.320689655172412,0.956091489550881,5.09273719046537e-06,8.05410371130654e-06,1.13512492056948e-05,4.7057507918782e-07,0.958458052643829,,,,,
PWY-7013,0.227894736842103,0.972965260206596,0.000227149493233659,0.000223730267813411,0.000176288858662784,0.000235159190225887,0.972965260206596,,,,,
